縣市,選區,號次,政黨,候選人,得票數,當選註記,得票率,性別
臺北市,01,1,民主進步黨,謝維洲,21687,*,7.09,男
臺北市,01,2,無,賴素如,7226," ",2.36,女
臺北市,01,3,無,孫士堅,1406," ",0.46,男
臺北市,01,4,新黨,潘懷宗,25188,*,8.24,男
臺北市,01,5,無,林瑞圖,20065,*,6.56,男
臺北市,01,6,人民民主陣線,周佳君,1685," ",0.55,女
臺北市,01,7,無,王奕凱,8551," ",2.8,男
臺北市,01,8,無,王英文,517," ",0.17,男
臺北市,01,9,中國國民黨,陳重文,13299,*,4.35,男
臺北市,01,10,中國國民黨,黃平洋,11451," ",3.75,男
臺北市,01,11,親民黨,王小玉,2214," ",0.72,女
臺北市,01,12,新黨,楊靜宇,10538," ",3.45,男
臺北市,01,13,中國國民黨,汪志冰,18021,*,5.89,女
臺北市,01,14,民主進步黨,林世宗,12334,*,4.03,男
臺北市,01,15,民主進步黨,王威中,20649,*,6.75,男
臺北市,01,16,民主進步黨,吳思瑤,20302,*,6.64,女
臺北市,01,17,台灣團結聯盟,陳建銘,20952,*,6.85,男
臺北市,01,18,民主進步黨,何志偉,26283,*,8.6,男
臺北市,01,19,無,陳政忠,16623,*,5.44,男
臺北市,01,20,民主進步黨,陳慈慧,22688,*,7.42,女
臺北市,01,21,中國國民黨,吳碧珠,24030,*,7.86,女
臺北市,02,1,無,許明偉,497," ",0.23,男
臺北市,02,2,中國國民黨,陳義洲,17693,*,8.08,男
臺北市,02,3,新黨,趙家蓉,9910," ",4.53,女
臺北市,02,4,中國國民黨,黃子哲,9380," ",4.29,男
臺北市,02,5,親民黨,黃珊珊,28020,*,12.8,女
臺北市,02,6,民主進步黨,王孝維,17401,*,7.95,男
臺北市,02,7,中國國民黨,李彥秀,25057,*,11.45,女
臺北市,02,8,台灣團結聯盟,陳嘉霖,2466," ",1.13,男
臺北市,02,9,樹黨,余筱菁,3527," ",1.61,女
臺北市,02,10,中國國民黨,闕枚莎,19956,*,9.12,女
臺北市,02,11,民主進步黨,江志銘,14592,*,6.67,男
臺北市,02,12,中國國民黨,吳世正,18223,*,8.33,男
臺北市,02,13,民主進步黨,李建昌,18052,*,8.25,男
臺北市,02,14,民主進步黨,高嘉瑜,34117,*,15.59,女
臺北市,03,1,中國國民黨,陳永德,13825,*,5.74,男
臺北市,03,2,中國國民黨,秦慧珠,20632,*,8.57,女
臺北市,03,3,新黨,楊世光,11639," ",4.84,男
臺北市,03,4,民主進步黨,許家蓓,21444,*,8.91,女
臺北市,03,5,無,王博玉,380," ",0.16,男
臺北市,03,6,中國國民黨,戴錫欽,13862,*,5.76,男
臺北市,03,7,中國國民黨,陳孋輝,14307,*,5.94,女
臺北市,03,8,親民黨,洪士奇,10679," ",4.44,男
臺北市,03,9,樹黨,潘翰疆,4387," ",1.82,男
臺北市,03,10,民主進步黨,許淑華,27332,*,11.36,女
臺北市,03,11,台灣團結聯盟,李卓翰,3484," ",1.45,男
臺北市,03,12,中國國民黨,王鴻薇,18472,*,7.68,女
臺北市,03,13,民主進步黨,洪健益,20319,*,8.44,男
臺北市,03,14,中國國民黨,楊實秋,9297," ",3.86,男
臺北市,03,15,民主進步黨,張茂楠,21329,*,8.86,男
臺北市,03,16,無,徐世勲,19037,*,7.91,男
臺北市,03,17,中國國民黨,王正德,10247," ",4.26,男
臺北市,04,1,中國國民黨,陳炳甫,19808,*,10.02,男
臺北市,04,2,人民民主陣線,鍾君竺,1957," ",0.99,女
臺北市,04,3,民主進步黨,黃向羣,16248,*,8.22,男
臺北市,04,4,新黨,林婕麗,5856," ",2.96,女
臺北市,04,5,民主進步黨,梁文傑,26155,*,13.23,男
臺北市,04,6,民主進步黨,顏若芳,26079,*,13.19,女
臺北市,04,7,中國國民黨,葉林傳,21531,*,10.89,男
臺北市,04,8,民主進步黨,王世堅,25102,*,12.7,男
臺北市,04,9,親民黨,林國成,13125,*,6.64,男
臺北市,04,10,中國國民黨,王麗珠,12717," ",6.43,女
臺北市,04,11,台灣團結聯盟,簡聖哲,6961," ",3.52,男
臺北市,04,12,樹黨,鄭惠齡,4401," ",2.23,女
臺北市,04,13,中國國民黨,林亭君,17103,*,8.65,女
臺北市,04,14,無,楊鎮雄,629," ",0.32,男
臺北市,05,1,無,徐立信,9057," ",4.65,男
臺北市,05,2,華聲黨,黄文章,207," ",0.11,男
臺北市,05,3,無,康明道,342," ",0.18,男
臺北市,05,4,中國國民黨,吳志剛,21444,*,11.02,男
臺北市,05,5,台灣團結聯盟,謝建平,4149," ",2.13,男
臺北市,05,6,民主進步黨,童仲彥,19546,*,10.04,男
臺北市,05,7,民主進步黨,周威佑,20663,*,10.62,男
臺北市,05,8,民主進步黨,劉耀仁,17303,*,8.89,男
臺北市,05,9,中國國民黨,應曉薇,21092,*,10.84,女
臺北市,05,10,樹黨,林佳諭,9965," ",5.12,女
臺北市,05,11,中國國民黨,郭昭巖,21782,*,11.19,女
臺北市,05,12,中國國民黨,鍾小平,14987,*,7.7,男
臺北市,05,13,民主進步黨,顏聖冠,23499,*,12.07,女
臺北市,05,14,親民黨,陳蓋武,2887," ",1.48,男
臺北市,05,15,新黨,張榮法,7696," ",3.95,男
臺北市,06,1,新黨,陳彥伯,15302,*,4.97,男
臺北市,06,2,無,孫仲康,772," ",0.25,男
臺北市,06,3,中國國民黨,厲耿桂芳,15712,*,5.1,女
臺北市,06,4,中國國民黨,王欣儀,17595,*,5.71,女
臺北市,06,5,中國國民黨,陳錦祥,17165,*,5.57,男
臺北市,06,6,無,丁增義,535," ",0.17,男
臺北市,06,7,樹黨,潘翰聲,8623," ",2.8,男
臺北市,06,8,中國國民黨,歐陽龍,27123,*,8.8,男
臺北市,06,9,民主進步黨,王閔生,22993,*,7.46,男
臺北市,06,10,無,青天,541," ",0.18,男
臺北市,06,11,親民黨,何啟聖,8664," ",2.81,男
臺北市,06,12,中國國民黨,王致雅,14115," ",4.58,女
臺北市,06,13,中國國民黨,徐弘庭,15651,*,5.08,男
臺北市,06,14,無,聶紹雄,395," ",0.13,男
臺北市,06,15,民主進步黨,周柏雅,17249,*,5.6,男
臺北市,06,16,民主進步黨,李慶鋒,20274,*,6.58,男
臺北市,06,17,民主進步黨,阮昭雄,20727,*,6.73,男
臺北市,06,18,中國國民黨,李新,22773,*,7.39,男
臺北市,06,19,無,謝啟大,9665," ",3.14,女
臺北市,06,20,台灣團結聯盟,歐陽瑞蓮,5279," ",1.71,女
臺北市,06,21,民主進步黨,簡舒培,22672,*,7.36,女
臺北市,06,22,中國國民黨,李慶元,24348,*,7.9,男
新北市,01,1,中國國民黨,鄭戴麗香,18779,*,17.21,女
新北市,01,2,綠黨,王鐘銘,6880," ",6.31,男
新北市,01,3,民主進步黨,鄭宇恩,31928,*,29.27,女
新北市,01,4,無,蔡錦賢,20167,*,18.49,男
新北市,01,5,中國國民黨,蔡葉偉,16421,*,15.05,男
新北市,01,6,民主進步黨,呂子昌,14919," ",13.68,男
新北市,02,1,中國國民黨,蔡健棠,20218," ",6.62,男
新北市,02,2,中國國民黨,宋明宗,24326,*,7.97,男
新北市,02,3,中國國民黨,陳明義,20466," ",6.7,男
新北市,02,4,民主進步黨,何淑峯,24987,*,8.18,女
新北市,02,5,民主進步黨,賴秋媚,21927,*,7.18,女
新北市,02,6,無,董吉誠,1521," ",0.5,男
新北市,02,7,民主進步黨,鍾宏仁,40858,*,13.38,男
新北市,02,8,台灣團結聯盟,張晉婷,26625,*,8.72,女
新北市,02,9,中國國民黨,黃林玲玲,25082,*,8.21,女
新北市,02,10,中國國民黨,蔣根煌,22188,*,7.27,男
新北市,02,11,民主進步黨,陳文治,20481,*,6.71,男
新北市,02,12,民主進步黨,陳科名,27269,*,8.93,男
新北市,02,13,中國國民黨,蔡淑君,29373,*,9.62,女
新北市,03,1,民主進步黨,李倩萍,28652,*,9.83,女
新北市,03,2,人民最大黨,蕭榮騰,614," ",0.21,男
新北市,03,3,民主進步黨,鄭金隆,20694,*,7.1,男
新北市,03,4,親民黨,王詠沛,4337," ",1.49,女
新北市,03,5,中國國民黨,黃桂蘭,19111," ",6.56,女
新北市,03,6,新黨,張宸浩,2599," ",0.89,男
新北市,03,7,無,董俊良,556," ",0.19,男
新北市,03,8,中國國民黨,胡淑蓉,15708," ",5.39,女
新北市,03,9,中國國民黨,蔡明堂,25538,*,8.76,男
新北市,03,10,無,李翁月娥,20340,*,6.98,女
新北市,03,11,人民民主陣線,李丹鳳,2603," ",0.89,女
新北市,03,12,中國國民黨,鄭世維,14520," ",4.98,男
新北市,03,13,中國國民黨,陳幸進,20819,*,7.14,男
新北市,03,14,無,蘇卿彥,312," ",0.11,男
新北市,03,15,民主進步黨,李坤城,26809,*,9.2,男
新北市,03,16,民主進步黨,李余典,26794,*,9.19,男
新北市,03,17,民主進步黨,邱婷蔚,32511,*,11.16,女
新北市,03,18,民主進步黨,陳啟能,24841,*,8.52,男
新北市,03,19,台灣團結聯盟,陳良安,4076," ",1.4,男
新北市,04,1,中國國民黨,曾煥嘉,21807,*,7.96,男
新北市,04,2,中國國民黨,周勝考,25921,*,9.47,男
新北市,04,3,無,廖裕德,19739,*,7.21,男
新北市,04,4,無,顏德民,1745," ",0.64,男
新北市,04,5,民主進步黨,王淑慧,21866,*,7.98,女
新北市,04,6,民主進步黨,黃俊哲,21625,*,7.9,男
新北市,04,7,民主進步黨,林水山,14115," ",5.15,男
新北市,04,8,民主進步黨,何博文,35304,*,12.89,男
新北市,04,9,親民黨,林世棟,3385," ",1.24,男
新北市,04,10,中國國民黨,林國春,28193,*,10.3,男
新北市,04,11,中國國民黨,劉美芳,18343,*,6.7,女
新北市,04,12,新黨,王炳忠,4299," ",1.57,男
新北市,04,13,民主進步黨,張宏陸,21066,*,7.69,男
新北市,04,14,無,李婉鈺,15770," ",5.76,女
新北市,04,15,中國國民黨,趙燕昭,13710," ",5.01,男
新北市,04,16,台灣團結聯盟,蕭貫譽,6955," ",2.54,男
新北市,05,1,中國國民黨,陳錦錠,26290,*,12.79,女
新北市,05,2,民主進步黨,江永昌,38503,*,18.73,男
新北市,05,3,無,林朝鑫,8788," ",4.27,男
新北市,05,4,新黨,戴德成,13965," ",6.79,男
新北市,05,5,無,游輝宂,24703,*,12.01,男
新北市,05,6,民主進步黨,林秀惠,21678,*,10.54,女
新北市,05,7,民主進步黨,張瑞山,21768,*,10.59,男
新北市,05,8,中國國民黨,金瑞龍,21159," ",10.29,男
新北市,05,9,中國國民黨,邱烽堯,28764,*,13.99,男
新北市,06,1,民主進步黨,羅文崇,18015,*,16.86,男
新北市,06,2,中國國民黨,陳鴻源,19967,*,18.68,男
新北市,06,3,民主進步黨,許昭興,22411,*,20.97,女
新北市,06,4,新黨,蔡明璋,3733," ",3.49,男
新北市,06,5,中國國民黨,金介壽,17861," ",16.71,男
新北市,06,6,中國國民黨,連斐璠,21700,*,20.3,女
新北市,06,7,人民民主陣線,莊育麟,3188," ",2.98,男
新北市,07,1,中國國民黨,王明麗,15771," ",5.53,女
新北市,07,2,民主進步黨,林銘仁,21388,*,7.5,男
新北市,07,3,新黨,林明正,1792," ",0.63,男
新北市,07,4,民主進步黨,吳琪銘,30103,*,10.56,男
新北市,07,5,中國國民黨,林金結,18462,*,6.48,男
新北市,07,6,民主進步黨,彭成龍,17195,*,6.03,男
新北市,07,7,台灣團結聯盟,李宜潔,3432," ",1.2,女
新北市,07,8,無,陳世榮,22016,*,7.72,男
新北市,07,9,中國國民黨,朱子孟,8770," ",3.08,男
新北市,07,10,無,羅友志,3695," ",1.3,男
新北市,07,11,中國國民黨,黃永昌,18070,*,6.34,男
新北市,07,12,民主進步黨,廖本煙,19699,*,6.91,男
新北市,07,13,民主進步黨,歐金獅,14486," ",5.08,男
新北市,07,14,親民黨,薛永華,7966," ",2.79,男
新北市,07,15,無,臧家宜,1329," ",0.47,女
新北市,07,16,綠黨,楊木萬,7245," ",2.54,男
新北市,07,17,中國國民黨,洪佳君,21934,*,7.7,女
新北市,07,18,無,朱彥華,6303," ",2.21,男
新北市,07,19,中國國民黨,林富子,10845," ",3.8,女
新北市,07,20,民主進步黨,高敏慧,15855,*,5.56,女
新北市,07,21,無,蘇有仁,18672,*,6.55,男
新北市,08,1,中國國民黨,王美月,14112," ",8.72,女
新北市,08,2,中國國民黨,劉哲彰,26126,*,16.15,男
新北市,08,3,無,金中玉,28202,*,17.43,男
新北市,08,4,民主進步黨,陳永福,32061,*,19.82,男
新北市,08,5,民主進步黨,廖筱清,22880,*,14.14,女
新北市,08,6,親民黨,邱九桁,6336," ",3.92,男
新北市,08,7,新黨,何孟哲,7010," ",4.33,男
新北市,08,8,中國國民黨,陳儀君,25063,*,15.49,女
新北市,09,1,中華民主向日葵憲政改革聯盟,謝簡,389," ",1.02,男
新北市,09,2,無,高天助,3975," ",10.38,男
新北市,09,3,中國國民黨,林讚枝,5442," ",14.22,男
新北市,09,4,民主進步黨,林裔綺,15984,*,41.76,女
新北市,09,5,無,吳清風,1806," ",4.72,男
新北市,09,6,無,廖秀雄,10684," ",27.91,男
新北市,10,1,民主進步黨,周雅玲,25503,*,23.55,女
新北市,10,2,無,李玉蘭,5505," ",5.08,女
新北市,10,3,無,黃瑞傳,2007," ",1.85,男
新北市,10,4,中國國民黨,廖正良,22992,*,21.23,男
新北市,10,5,中國國民黨,白珮茹,25743,*,23.77,女
新北市,10,6,民主進步黨,沈發惠,26532,*,24.5,男
桃園市,01,1,中國國民黨,萬美玲,16724,*,9.3,女
桃園市,01,2,民主進步黨,范綱祥,11943,*,6.64,男
桃園市,01,3,親民黨,林國政,6305," ",3.5,男
桃園市,01,4,民主進步黨,陳宗義,6697," ",3.72,男
桃園市,01,5,中國國民黨,黃婉如,11162,*,6.2,女
桃園市,01,6,無,王信涵,235," ",0.13,男
桃園市,01,7,無,簡梓倡,2413," ",1.34,男
桃園市,01,8,新黨,張勝豐,2095," ",1.16,男
桃園市,01,9,無,黃莅程,67," ",0.04,男
桃園市,01,10,民主進步黨,黃景熙,12916,*,7.18,男
桃園市,01,11,民主進步黨,黃智銘,8269," ",4.6,男
桃園市,01,12,中國國民黨,李曉鐘,12563,*,6.98,男
桃園市,01,13,中國國民黨,蘇家明,12003,*,6.67,男
桃園市,01,14,人民民主陣線,賀光卍,290," ",0.16,男
桃園市,01,15,中國國民黨,陳美梅,10092,*,5.61,女
桃園市,01,16,無,洪文璋,7165," ",3.98,男
桃園市,01,17,無,楊添丁,863," ",0.48,男
桃園市,01,18,中國國民黨,詹江村,9661,*,5.37,男
桃園市,01,19,中國國民黨,林政賢,9118,*,5.07,男
桃園市,01,20,台灣團結聯盟,李光達,9371,*,5.21,男
桃園市,01,21,民主進步黨,廖輝星,7136," ",3.97,男
桃園市,01,22,無黨團結聯盟,黃哲鍾,8183," ",4.55,男
桃園市,01,23,綠黨,羅岳峰,5835," ",3.24,男
桃園市,01,24,無,史碩仁,110," ",0.06,男
桃園市,01,25,民主進步黨,邱素芬,8705,*,4.84,女
桃園市,02,1,民主進步黨,陳志謀,16137,*,26.36,男
桃園市,02,2,中國國民黨,林正峰,11215,*,18.32,男
桃園市,02,3,中國國民黨,李麗珠,6175," ",10.09,女
桃園市,02,4,無,許森能,4990," ",8.15,男
桃園市,02,5,無,王家一,3263," ",5.33,男
桃園市,02,6,民主進步黨,林俐玲,11075,*,18.09,女
桃園市,02,7,中國國民黨,李雲強,8373,*,13.68,男
桃園市,03,1,無,張文瑜,7005," ",8.2,女
桃園市,03,2,中國國民黨,何正森,6527," ",7.64,男
桃園市,03,3,中國國民黨,呂淑真,7117,*,8.33,女
桃園市,03,4,民主進步黨,呂林小鳳,11518,*,13.48,女
桃園市,03,5,無,鍾孝彥,962," ",1.13,男
桃園市,03,6,中國國民黨,劉茂羣,8068,*,9.44,女
桃園市,03,7,中國國民黨,王國棟,3760," ",4.4,男
桃園市,03,8,無,賴維哲,768," ",0.9,男
桃園市,03,9,無,趙正宇,12478,*,14.61,男
桃園市,03,10,民主進步黨,蔡永芳,12221,*,14.3,男
桃園市,03,11,無,鄭銀福,3223," ",3.77,男
桃園市,03,12,新黨,彭少康,766," ",0.9,男
桃園市,03,13,無,林玉娟,4091," ",4.79,女
桃園市,03,14,無,陳松福,6929," ",8.11,男
桃園市,04,1,中國國民黨,李訓求,7819," ",12.19,男
桃園市,04,2,中國國民黨,張桂綿,8954," ",13.95,女
桃園市,04,3,民主進步黨,郭麗華,11640,*,18.14,女
桃園市,04,4,無,吳寶玉,646," ",1.01,女
桃園市,04,5,新黨,袁慧心,3189," ",4.97,女
桃園市,04,6,無,劉勝全,9771,*,15.23,男
桃園市,04,7,中國國民黨,陳麗莉,9454,*,14.73,女
桃園市,04,8,民主進步黨,許清順,12692,*,19.78,男
桃園市,05,1,中國國民黨,徐其萬,15045,*,36.65,男
桃園市,05,2,民主進步黨,游吾和,16783,*,40.88,男
桃園市,05,3,無,王淳長,9225," ",22.47,男
桃園市,06,1,民主進步黨,曾慶章,3026," ",6.81,男
桃園市,06,2,中國國民黨,李柏坊,9726,*,21.88,男
桃園市,06,3,民主進步黨,黃智信,3025," ",6.81,男
桃園市,06,4,無,張振源,742," ",1.67,男
桃園市,06,5,中國國民黨,楊朝偉,7264,*,16.34,男
桃園市,06,6,無,邱伶樺,1935," ",4.35,女
桃園市,06,7,無,邱創良,179," ",0.4,男
桃園市,06,8,民主進步黨,邱秀芬,3133," ",7.05,女
桃園市,06,9,無,李洋宇,2338," ",5.26,男
桃園市,06,10,民主進步黨,陳治文,13080,*,29.43,女
桃園市,07,1,中國國民黨,邱奕勝,14345,*,7.99,男
桃園市,07,2,親民黨,賴立竹,5970," ",3.32,男
桃園市,07,3,無,謝偉孝,899," ",0.5,男
桃園市,07,4,民主進步黨,黃傅淑香,11794,*,6.57,女
桃園市,07,5,無,劉安祺,5441," ",3.03,男
桃園市,07,6,新黨,吳正群,1157," ",0.64,男
桃園市,07,7,民主進步黨,彭俊豪,12967,*,7.22,男
桃園市,07,8,無,張運炳,8585,*,4.78,男
桃園市,07,9,無,劉曾玉春,10366,*,5.77,女
桃園市,07,10,中國國民黨,沐平波,7276," ",4.05,女
桃園市,07,11,中國國民黨,葉明月,8567,*,4.77,女
桃園市,07,12,民主進步黨,徐景文,8352," ",4.65,男
桃園市,07,13,無,梁新武,3551," ",1.98,男
桃園市,07,14,無,葉鄭秀蘋,4441," ",2.47,女
桃園市,07,15,無黨團結聯盟,蔣中千,4271," ",2.38,男
桃園市,07,16,綠黨,王浩宇,16269,*,9.06,男
桃園市,07,17,台灣團結聯盟,黃治東,1969," ",1.1,男
桃園市,07,18,中國國民黨,魯明哲,26379,*,14.69,男
桃園市,07,19,無,彭秀涵,494," ",0.28,女
桃園市,07,20,民主進步黨,袁明星,9617,*,5.36,男
桃園市,07,21,無,劉威德,6702," ",3.73,男
桃園市,07,22,中國國民黨,梁為超,10138,*,5.65,男
桃園市,08,1,無,羅文欽,2057," ",2.08,男
桃園市,08,2,民主進步黨,劉仁照,8826,*,8.91,男
桃園市,08,3,中國國民黨,謝彰文,9995,*,10.09,女
桃園市,08,4,中國國民黨,黃敬平,9982,*,10.08,男
桃園市,08,5,中國國民黨,舒翠玲,8712,*,8.8,女
桃園市,08,6,中國國民黨,陳萬得,7459," ",7.53,男
桃園市,08,7,無,劉邦鉉,5211," ",5.26,男
桃園市,08,8,民主進步黨,楊家俍,8736,*,8.82,男
桃園市,08,9,民主進步黨,陳志偉,3832," ",3.87,男
桃園市,08,10,親民黨,莊訓基,2645," ",2.67,男
桃園市,08,11,無,莊玉光,4752," ",4.8,男
桃園市,08,12,臺灣建國黨,黃國華,81," ",0.08,男
桃園市,08,13,無,黃李月琴,3402," ",3.44,女
桃園市,08,14,無,王珮毓,7234," ",7.3,女
桃園市,08,15,綠黨,湯琳翔,3809," ",3.85,男
桃園市,08,16,無,張若彤,269," ",0.27,男
桃園市,08,17,無,陳章程,143," ",0.14,男
桃園市,08,18,無,莊玉輝,7766,*,7.84,男
桃園市,08,19,無,林德忠,4127," ",4.17,男
桃園市,09,1,台灣主義黨,姜水浪,597," ",0.83,男
桃園市,09,2,中國國民黨,周玉琴,14468,*,20.22,女
桃園市,09,3,無,林羅春,3272," ",4.57,男
桃園市,09,4,中國國民黨,李家興,13875,*,19.39,男
桃園市,09,5,民主進步黨,陳賴素美,15882,*,22.19,女
桃園市,09,6,無,陳秀玲,5916," ",8.27,女
桃園市,09,7,民主進步黨,張火爐,14664,*,20.49,男
桃園市,09,8,無,彭基原,2892," ",4.04,男
桃園市,10,1,無,黃榮煥,3630," ",6.76,男
桃園市,10,2,無,劉熒隆,8229," ",15.32,男
桃園市,10,3,無,林鴻斌,4451," ",8.29,男
桃園市,10,4,民主進步黨,張肇良,13411,*,24.98,男
桃園市,10,5,無,廖威森,590," ",1.1,男
桃園市,10,6,無,游良福,488," ",0.91,男
桃園市,10,7,中國國民黨,徐玉樹,9218,*,17.17,男
桃園市,10,8,無,羅銀珍,5000," ",9.31,女
桃園市,10,9,中國國民黨,閻中傑,8680,*,16.16,男
桃園市,11,1,無,邱佳亮,13664,*,50.53,男
桃園市,11,2,民主進步黨,陳睿生,13380," ",49.47,男
桃園市,12,1,中國國民黨,吳宗憲,9161," ",27.74,男
桃園市,12,2,民主進步黨,郭榮宗,11424,*,34.6,男
桃園市,12,3,無,廖薛文,1087," ",3.29,男
桃園市,12,4,無,歐炳辰,11347,*,34.37,男
臺中市,01,1,無,吳鶴鵬,5370," ",7.17,男
臺中市,01,2,民主進步黨,吳敏濟,22165,*,29.61,男
臺中市,01,3,中國國民黨,李榮鴻,15031,*,20.08,男
臺中市,01,4,無,林素眞,13763," ",18.39,女
臺中市,01,5,中國國民黨,楊永昌,18519,*,24.74,男
臺中市,02,1,民主進步黨,王立任,16562,*,12.73,男
臺中市,02,2,中國國民黨,顏莉敏,20120,*,15.47,女
臺中市,02,3,無,陳廷秀,12914," ",9.93,男
臺中市,02,4,中國國民黨,張清照,20098,*,15.45,男
臺中市,02,5,親民黨,程凱力,3127," ",2.4,男
臺中市,02,6,無,陳詩哲,15806," ",12.15,男
臺中市,02,7,台灣團結聯盟,陳年添,2555," ",1.96,男
臺中市,02,8,民主進步黨,楊典忠,22996,*,17.68,男
臺中市,02,9,無,尤碧鈴,15920,*,12.24,女
臺中市,03,1,民主進步黨,劉淑蘭,14696," ",12.84,女
臺中市,03,2,中國國民黨,吳瓊華,18268,*,15.96,女
臺中市,03,3,中國國民黨,林汝洲,18514,*,16.17,男
臺中市,03,4,民主進步黨,陳世凱,20219,*,17.66,男
臺中市,03,5,無,張正興,9426," ",8.23,男
臺中市,03,6,無,黃錫嘉,16451,*,14.37,男
臺中市,03,7,中國國民黨,林士昌,16919,*,14.78,男
臺中市,04,1,無,陳清龍,21806,*,17.99,男
臺中市,04,2,民主進步黨,翁美春,20887,*,17.23,女
臺中市,04,3,民主進步黨,謝志忠,21648,*,17.86,男
臺中市,04,4,無,王朝坤,13486," ",11.13,男
臺中市,04,5,中國國民黨,張瀞分,18255,*,15.06,女
臺中市,04,6,台灣團結聯盟,吳富亭,11476," ",9.47,男
臺中市,04,7,中國國民黨,陳本添,13642,*,11.26,男
臺中市,05,1,民主進步黨,張雅旻,19047,*,13.53,女
臺中市,05,2,中國國民黨,羅永珍,17924,*,12.73,女
臺中市,05,3,中國國民黨,吳顯森,16674,*,11.85,男
臺中市,05,4,無,張立傑,15295,*,10.87,男
臺中市,05,5,無,林竹旺,6806," ",4.84,男
臺中市,05,6,民主進步黨,蕭隆澤,20828,*,14.8,男
臺中市,05,7,中國國民黨,賴朝國,17881,*,12.7,男
臺中市,05,8,民主進步黨,許水彬,12566," ",8.93,男
臺中市,05,9,民主進步黨,廖述鎮,13736," ",9.76,男
臺中市,06,1,中國國民黨,張廖乃綸,13196,*,12.14,女
臺中市,06,2,民主進步黨,張廖萬堅,25804,*,23.74,男
臺中市,06,3,中國國民黨,黃馨慧,17712,*,16.3,女
臺中市,06,4,中國國民黨,楊正中,15562,*,14.32,男
臺中市,06,5,民主進步黨,李孝儒,6812," ",6.27,男
臺中市,06,6,無,吳春夏,5964," ",5.49,男
臺中市,06,7,無,蔡智豪,3746," ",3.45,男
臺中市,06,8,民主進步黨,陳淑華,19896,*,18.3,女
臺中市,07,1,無,黃淑芬,6537," ",8.04,女
臺中市,07,2,中國國民黨,朱暖英,11571,*,14.23,女
臺中市,07,3,親民黨,陳三井,4206," ",5.17,男
臺中市,07,4,無,江慶洲,2392," ",2.94,男
臺中市,07,5,中國國民黨,劉士州,12441,*,15.3,男
臺中市,07,6,台灣團結聯盟,黃聖硯,772," ",0.95,女
臺中市,07,7,民主進步黨,張耀中,18290,*,22.5,男
臺中市,07,8,中國國民黨,丁振嘉,11213," ",13.79,男
臺中市,07,9,民主進步黨,何文海,13870,*,17.06,男
臺中市,08,1,中國國民黨,沈佑蓮,29190,*,21.79,女
臺中市,08,2,民主進步黨,謝明源,20416,*,15.24,男
臺中市,08,3,親民黨,邱于珊,8498," ",6.34,女
臺中市,08,4,民主進步黨,蔡雅玲,19442,*,14.51,女
臺中市,08,5,台灣團結聯盟,張烱春,1849," ",1.38,男
臺中市,08,6,中國國民黨,賴順仁,18326,*,13.68,男
臺中市,08,7,中國國民黨,陳成添,16192,*,12.09,男
臺中市,08,8,民主進步黨,曾朝榮,20068,*,14.98,男
臺中市,09,1,中國國民黨,陳天汶,14659," ",19.03,男
臺中市,09,2,民主進步黨,范淞育,18450,*,23.95,男
臺中市,09,3,中國國民黨,陳政顯,18082,*,23.48,男
臺中市,09,4,聯合黨,林忠勝,477," ",0.62,男
臺中市,09,5,樹黨,李涵芸,6784," ",8.81,女
臺中市,09,6,民主進步黨,賴佳微,18571,*,24.11,女
臺中市,10,1,中國國民黨,張宏年,15990,*,22.83,男
臺中市,10,2,親民黨,張博威,1555," ",2.22,男
臺中市,10,3,無,葉春幸,4831," ",6.9,女
臺中市,10,4,民主進步黨,黃國書,14729,*,21.03,男
臺中市,10,5,中國國民黨,洪嘉鴻,12106," ",17.28,男
臺中市,10,6,民主進步黨,江肇國,20843,*,29.75,男
臺中市,11,1,無,賴建豪,10033," ",9.59,男
臺中市,11,2,民主進步黨,鄭功進,15035,*,14.37,男
臺中市,11,3,中國國民黨,李中,15533,*,14.85,男
臺中市,11,4,民主進步黨,邱素貞,17163,*,16.41,女
臺中市,11,5,民主進步黨,何敏誠,15701,*,15.01,男
臺中市,11,6,中國國民黨,林珮涵,14274," ",13.65,女
臺中市,11,7,中國國民黨,顏妏眞,11442," ",10.94,女
臺中市,11,8,親民黨,廖興生,3099," ",2.96,男
臺中市,11,9,無,蕭良材,2321," ",2.22,男
臺中市,12,1,民主進步黨,何明杰,14286,*,15.03,男
臺中市,12,2,無,賴義鍠,18594,*,19.56,男
臺中市,12,3,無,吳品儀,7193," ",7.57,女
臺中市,12,4,民主進步黨,張玉嬿,18186,*,19.13,女
臺中市,12,5,中國國民黨,李麗華,22584,*,23.75,女
臺中市,12,6,中國國民黨,陳展群,9411," ",9.9,男
臺中市,12,7,無,李昆霖,4823," ",5.07,男
臺中市,13,1,無,林志憲,4698," ",3.27,男
臺中市,13,2,民主進步黨,謝賢,13030," ",9.06,男
臺中市,13,3,親民黨,段緯宇,15950,*,11.1,男
臺中市,13,4,無,江勝雄,12957," ",9.01,男
臺中市,13,5,民主進步黨,劉錦和,11804," ",8.21,男
臺中市,13,6,民主進步黨,張芬郁,16343,*,11.37,女
臺中市,13,7,民主進步黨,李天生,17546,*,12.21,男
臺中市,13,8,無,張滄沂,16061,*,11.17,男
臺中市,13,9,無,蔡黃金雀,4690," ",3.26,女
臺中市,13,10,中國國民黨,林碧秀,13417,*,9.33,女
臺中市,13,11,中國國民黨,蘇柏興,15009,*,10.44,男
臺中市,13,12,台灣團結聯盟,林明正,2241," ",1.56,男
臺中市,14,1,民主進步黨,蔡成圭,23090,*,40.12,男
臺中市,14,2,中國國民黨,蘇慶雲,18258,*,31.72,男
臺中市,14,3,中國國民黨,冉齡軒,16206," ",28.16,女
臺南市,01,1,民主進步黨,劉米山,12651," ",29.66,男
臺南市,01,2,中國國民黨,張世賢,16056,*,37.64,男
臺南市,01,3,民主進步黨,賴美惠,13950,*,32.7,女
臺南市,02,1,無,趙昆原,12670,*,19.01,男
臺南市,02,2,無,顏進仕,6193," ",9.29,男
臺南市,02,3,無,陳佳琪,11172," ",16.76,女
臺南市,02,4,民主進步黨,賴惠員,12647,*,18.97,女
臺南市,02,5,中國國民黨,蔡育輝,12043,*,18.07,男
臺南市,02,6,民主進步黨,李退之,11937,*,17.91,男
臺南市,03,1,民主進步黨,侯澄財,11606,*,34.45,男
臺南市,03,2,中國國民黨,陳進財,9794," ",29.07,男
臺南市,03,3,無,謝財旺,12286,*,36.47,男
臺南市,04,1,民主進步黨,楊麗玉,10821," ",16.64,女
臺南市,04,2,民主進步黨,吳通龍,14063,*,21.63,男
臺南市,04,3,民主進步黨,陳文賢,11854,*,18.23,男
臺南市,04,4,無,郭秀珠,16711,*,25.7,女
臺南市,04,5,中國國民黨,尤榮智,11579," ",17.81,男
臺南市,05,1,無,余榮和,7422," ",12.13,男
臺南市,05,2,民主進步黨,蔡蘇秋金,14932,*,24.41,女
臺南市,05,3,民主進步黨,陳朝來,12598,*,20.59,男
臺南市,05,4,中國國民黨,方一峰,10991," ",17.97,男
臺南市,05,5,民主進步黨,蔡秋蘭,15228,*,24.89,女
臺南市,06,1,無,林志展,15446,*,37.37,男
臺南市,06,2,中國國民黨,李文俊,12937," ",31.3,男
臺南市,06,3,民主進步黨,梁順發,12949,*,31.33,男
臺南市,07,1,中國國民黨,林全忠,11868,*,34.64,男
臺南市,07,2,無,姚溪海,9420," ",27.49,男
臺南市,07,3,民主進步黨,林志聰,12975,*,37.87,男
臺南市,08,1,中國國民黨,李全教,11726,*,53.07,男
臺南市,08,2,民主進步黨,王峻潭,10370," ",46.93,男
臺南市,09,1,無,施重男,10254," ",8.05,男
臺南市,09,2,民主進步黨,陳秋萍,13100,*,10.28,女
臺南市,09,3,無,李崇智,1416," ",1.11,男
臺南市,09,4,民主進步黨,郭國文,14203,*,11.14,男
臺南市,09,5,無,林慶鎭,11671,*,9.16,男
臺南市,09,6,中國國民黨,王敏星,9944," ",7.8,男
臺南市,09,7,台灣團結聯盟,楊中成,12972,*,10.18,男
臺南市,09,8,中國國民黨,李坤煌,11869,*,9.31,男
臺南市,09,9,中國國民黨,林燕祝,13791,*,10.82,女
臺南市,09,10,民主進步黨,林宜瑾,16659,*,13.07,女
臺南市,09,11,無,林阳乙,11569,*,9.08,男
臺南市,10,1,台灣團結聯盟,劉益昌,3830," ",3.9,男
臺南市,10,2,民主進步黨,王錦德,14817,*,15.1,男
臺南市,10,3,中國國民黨,黃麗招,9868," ",10.06,女
臺南市,10,4,無,林炳利,13481,*,13.74,男
臺南市,10,5,民主進步黨,唐儀靜,8154," ",8.31,女
臺南市,10,6,無,陳進義,4966," ",5.06,男
臺南市,10,7,民主進步黨,郭信良,18827,*,19.18,男
臺南市,10,8,民主進步黨,郭清華,13302,*,13.55,男
臺南市,10,9,中國國民黨,李中岑,10890,*,11.1,女
臺南市,11,1,民主進步黨,陳怡珍,22012,*,34.55,女
臺南市,11,2,中國國民黨,陳麗真,718," ",1.13,女
臺南市,11,3,民主進步黨,唐碧娥,10436,*,16.38,女
臺南市,11,4,中國國民黨,許至椿,10724,*,16.83,男
臺南市,11,5,無,李宗富,8458," ",13.28,男
臺南市,11,6,中國國民黨,謝龍介,11354,*,17.82,男
臺南市,12,1,中國國民黨,洪玉鳳,12820,*,35.39,女
臺南市,12,2,民主進步黨,邱莉莉,23403,*,64.61,女
臺南市,13,1,中國國民黨,盧崑福,8561,*,34.69,男
臺南市,13,2,民主進步黨,李文正,16116,*,65.31,男
臺南市,14,1,台灣團結聯盟,陳昌輝,6200," ",7.16,男
臺南市,14,2,民主進步黨,陸美祈,10323,*,11.92,女
臺南市,14,3,民主進步黨,陳金鐘,11885,*,13.73,男
臺南市,14,4,中國國民黨,曾培雅,14586,*,16.85,女
臺南市,14,5,樹黨,潘靜竹,2172," ",2.51,女
臺南市,14,6,中國國民黨,王家貞,9691,*,11.19,女
臺南市,14,7,民主進步黨,蔡旺詮,11602,*,13.4,男
臺南市,14,8,無,曾順良,11404,*,13.17,男
臺南市,14,9,中國國民黨,陳文科,8721," ",10.07,男
臺南市,15,1,中國國民黨,蔡淑惠,15012,*,22.56,女
臺南市,15,2,民主進步黨,周明德,8837," ",13.28,男
臺南市,15,3,中國國民黨,林美燕,13165,*,19.79,女
臺南市,15,4,無,陳進益,4112," ",6.18,男
臺南市,15,5,民主進步黨,莊玉珠,9815,*,14.75,女
臺南市,15,6,民主進步黨,呂維胤,15588,*,23.43,男
臺南市,16,1,民主進步黨,劉正昌,15689,*,15.42,男
臺南市,16,2,無,杜素吟,14462,*,14.21,女
臺南市,16,3,無,張伯祿,14787,*,14.53,男
臺南市,16,4,無,吳禹寰,14252," ",14,男
臺南市,16,5,民主進步黨,曾王雅雲,14954,*,14.69,女
臺南市,16,6,中國國民黨,徐萬仲,12104," ",11.89,男
臺南市,16,7,無,陳特清,15529,*,15.26,男
高雄市,01,1,中國國民黨,劉馨正,14325,*,19.75,男
高雄市,01,2,無,鍾惠美,13415," ",18.5,女
高雄市,01,3,民主進步黨,林富寶,16253,*,22.41,男
高雄市,01,4,民主進步黨,蕭育穎,13982," ",19.28,女
高雄市,01,5,無,鍾盛有,14553,*,20.07,男
高雄市,02,1,民主進步黨,張文瑞,20236,*,24.86,男
高雄市,02,2,民主進步黨,陳明澤,22482,*,27.62,男
高雄市,02,3,中國國民黨,蘇琦莉,11701," ",14.38,女
高雄市,02,4,中國國民黨,李長生,26966,*,33.13,男
高雄市,03,1,台灣團結聯盟,曾水文,8824," ",6.58,男
高雄市,03,2,中國國民黨,陸淑美,17650,*,13.16,女
高雄市,03,3,中國國民黨,方信淵,17808,*,13.28,男
高雄市,03,4,無,盧文峯,6699," ",5,男
高雄市,03,5,民主進步黨,陳政聞,22685,*,16.92,男
高雄市,03,6,中國國民黨,蔡金河,10318," ",7.69,男
高雄市,03,7,民主進步黨,高閔琳,26600,*,19.84,女
高雄市,03,8,民主進步黨,翁瑞珠,23519,*,17.54,女
高雄市,04,1,中國國民黨,李眉蓁,15533,*,8.83,女
高雄市,04,2,民主進步黨,林瑩蓉,27510,*,15.63,女
高雄市,04,3,中國國民黨,周鍾,13975,*,7.94,男
高雄市,04,4,無,柳淑芳,706," ",0.4,女
高雄市,04,5,中國國民黨,藍星木,13685," ",7.78,男
高雄市,04,6,無黨團結聯盟,黃石龍,14103,*,8.01,男
高雄市,04,7,民主進步黨,張豐藤,15215,*,8.65,男
高雄市,04,8,中國國民黨,陳麗珍,21050,*,11.96,女
高雄市,04,9,民主進步黨,李柏毅,30571,*,17.37,男
高雄市,04,10,中國國民黨,陳玫娟,15980,*,9.08,女
高雄市,04,11,新黨,何樹勳,2493," ",1.42,男
高雄市,04,12,無,黃若桓,5168," ",2.94,男
高雄市,05,1,無,何堅心,3275," ",2.99,男
高雄市,05,2,無,葉進國,10050," ",9.18,男
高雄市,05,3,中國國民黨,許慧玉,18436,*,16.84,女
高雄市,05,4,民主進步黨,林芳如,13691,*,12.51,女
高雄市,05,5,民主進步黨,張勝富,13755,*,12.56,男
高雄市,05,6,中國國民黨,吳利成,12494," ",11.41,男
高雄市,05,7,無,王慧玲,6679," ",6.1,女
高雄市,05,8,民主進步黨,邱俊憲,15192,*,13.88,男
高雄市,05,9,民主進步黨,沈英章,15904,*,14.53,男
高雄市,06,1,民主進步黨,簡煥宗,18257,*,19.14,男
高雄市,06,2,民主進步黨,連立堅,14848," ",15.57,男
高雄市,06,3,中國國民黨,蔡金晏,17582,*,18.43,男
高雄市,06,4,無,劉哲宇,3241," ",3.4,男
高雄市,06,5,民主進步黨,李喬如,17630,*,18.48,女
高雄市,06,6,中國國民黨,陳美雅,15819,*,16.58,女
高雄市,06,7,台灣團結聯盟,陳冠銘,6371," ",6.68,男
高雄市,06,8,無,郭美伶,1635," ",1.71,女
高雄市,07,1,無,鄭新助,14776,*,8.37,男
高雄市,07,2,中國國民黨,黃香菽,16801,*,9.51,女
高雄市,07,3,綠黨,梁益誌,7798," ",4.42,男
高雄市,07,4,親民黨,黃永富,3739," ",2.12,男
高雄市,07,5,中國國民黨,童燕珍,10643," ",6.03,女
高雄市,07,6,無,林家慶,512," ",0.29,男
高雄市,07,7,中國國民黨,黃柏霖,21003,*,11.89,男
高雄市,07,8,中國國民黨,曾俊傑,14899,*,8.44,男
高雄市,07,9,民主進步黨,洪平朗,9719," ",5.5,男
高雄市,07,10,無,張美瑛,544," ",0.31,女
高雄市,07,11,民主進步黨,林進興,8054," ",4.56,男
高雄市,07,12,民主進步黨,何權峰,20901,*,11.83,男
高雄市,07,13,民主進步黨,林武忠,16348,*,9.26,男
高雄市,07,14,無,郭國志,1685," ",0.95,男
高雄市,07,15,民主進步黨,康裕成,17283,*,9.79,女
高雄市,07,16,台灣團結聯盟,黃淑美,11899,*,6.74,女
高雄市,08,1,中國國民黨,黃紹庭,14995,*,11.18,男
高雄市,08,2,民主進步黨,郭建盟,22770,*,16.98,男
高雄市,08,3,親民黨,吳益政,15910,*,11.86,男
高雄市,08,4,中國國民黨,許崑源,20366,*,15.18,男
高雄市,08,5,人民民主陣線,王芳萍,1233," ",0.92,女
高雄市,08,6,民主進步黨,蕭永達,15255,*,11.37,男
高雄市,08,7,台灣團結聯盟,楊定國,13363," ",9.96,男
高雄市,08,8,民主進步黨,周玲妏,21350,*,15.92,女
高雄市,08,9,中國國民黨,陳若翠,8894," ",6.63,女
高雄市,09,1,無,楊承翰,8690," ",4.92,男
高雄市,09,2,無黨團結聯盟,徐榮延,10090," ",5.72,男
高雄市,09,3,親民黨,鄭復華,3659," ",2.07,女
高雄市,09,4,民主進步黨,羅鼎城,16870,*,9.56,男
高雄市,09,5,台灣團結聯盟,陳慧芬,1988," ",1.13,女
高雄市,09,6,民主進步黨,張漢忠,14269,*,8.08,男
高雄市,09,7,民主進步黨,蘇炎城,11577," ",6.56,男
高雄市,09,8,無,李政憲,311," ",0.18,男
高雄市,09,9,無,楊見福,13428,*,7.61,男
高雄市,09,10,無,羅章福,218," ",0.12,男
高雄市,09,11,民主進步黨,陳慧文,20876,*,11.83,女
高雄市,09,12,中國國民黨,劉德林,15886,*,9,男
高雄市,09,13,無,郭素桃,4158," ",2.36,女
高雄市,09,14,無,林景元,807," ",0.46,男
高雄市,09,15,中國國民黨,陳粹鑾,13607,*,7.71,女
高雄市,09,16,人民民主陣線,張育華,1010," ",0.57,女
高雄市,09,17,中國國民黨,李雅靜,19200,*,10.88,女
高雄市,09,18,民主進步黨,顏曉菁,19874,*,11.26,女
高雄市,10,1,民主進步黨,王聖仁,14518,*,7.98,男
高雄市,10,2,民主進步黨,陳信瑜,20414,*,11.22,女
高雄市,10,3,民主進步黨,鄭光峰,16887,*,9.28,男
高雄市,10,4,無黨團結聯盟,李順進,18456,*,10.14,男
高雄市,10,5,民主進步黨,林宛蓉,20195,*,11.1,女
高雄市,10,6,中國國民黨,蔡武宏,11173," ",6.14,男
高雄市,10,7,中國國民黨,陳麗娜,21007,*,11.54,女
高雄市,10,8,無,陳信諭,10178," ",5.59,男
高雄市,10,9,台灣團結聯盟,蕭吉男,2369," ",1.3,男
高雄市,10,10,中國國民黨,曾麗燕,22162,*,12.18,女
高雄市,10,11,民主進步黨,吳銘賜,24649,*,13.54,男
高雄市,11,1,民主進步黨,李雨庭,12222,!,12.39,女
高雄市,11,2,中國國民黨,洪秀錦,7835," ",7.94,女
高雄市,11,3,無,徐瑀岑,7109," ",7.21,女
高雄市,11,4,民主進步黨,韓賜村,15044,-,15.25,男
高雄市,11,5,中國國民黨,黃天煌,15116,*,15.32,男
高雄市,11,6,中國國民黨,王耀裕,17743,*,17.99,男
高雄市,11,7,民主進步黨,蔡昌達,16763,*,16.99,男
高雄市,11,8,台灣團結聯盟,張禾宜,6811," ",6.9,女
新竹縣,01,1,中國國民黨,楊敬賜,6442,*,9.25,男
新竹縣,01,2,無,林群森,821," ",1.18,男
新竹縣,01,3,中國國民黨,陳見賢,7812,*,11.21,男
新竹縣,01,4,中國國民黨," 杜文中",3186," ",4.57,男
新竹縣,01,5,中國國民黨,林為洲,5636,*,8.09,男
新竹縣,01,6,無,蘇明輝,3910,*,5.61,男
新竹縣,01,7,民主進步黨,郭鴻德,3637," ",5.22,男
新竹縣,01,8,民主進步黨,葉芬英,4421,*,6.34,女
新竹縣,01,9,中國國民黨,傅文忠,850," ",1.22,男
新竹縣,01,10,中國國民黨,蔡志環,3366," ",4.83,女
新竹縣,01,11,無,鄭美琴,3733,*,5.36,女
新竹縣,01,12,勞動黨,高偉凱,5827,*,8.36,男
新竹縣,01,13,無,邱靖雅,11560,*,16.59,女
新竹縣,01,14,中國國民黨,陳凱榮,4198,*,6.02,男
新竹縣,01,15,中國國民黨,林保光,4280,*,6.14,男
新竹縣,02,1,中國國民黨,吳菊花,6815,*,17.61,女
新竹縣,02,2,中國國民黨,甄克堅,4982," ",12.87,男
新竹縣,02,3,中國國民黨,吳淑君,7537,*,19.47,女
新竹縣,02,4,中國國民黨,黃永傳,6746,*,17.43,男
新竹縣,02,5,無,陳栢維,7242,*,18.71,男
新竹縣,02,6,無,張春鳳,5387,*,13.92,女
新竹縣,03,1,中國國民黨,鄭清漢,4980,*,17.37,男
新竹縣,03,2,無,羅春蘭,2185,!,7.62,女
新竹縣,03,3,中國國民黨,黃金樓,4314,-,15.04,男
新竹縣,03,4,中國國民黨,張鎮榮,7061,*,24.62,男
新竹縣,03,5,民主進步黨,吳寀璇,1826," ",6.37,女
新竹縣,03,6,民主進步黨,吳傳地,6804,*,23.73,男
新竹縣,03,7,無,陳林金玉,1506," ",5.25,女
新竹縣,04,1,無,陳玉蟾,1633," ",9.04,女
新竹縣,04,2,中國國民黨,劉良彬,5948,*,32.91,男
新竹縣,04,3,無,嚴永秋,6401,*,35.42,男
新竹縣,04,4,無,羅吉燾,4091," ",22.64,男
新竹縣,05,1,無,楊連湧,3765," ",19.13,男
新竹縣,05,2,中國國民黨,范曰富,7417,*,37.68,男
新竹縣,05,3,中國國民黨,賴江海,4901,*,24.9,男
新竹縣,05,4,無,張玟源,3599," ",18.29,男
新竹縣,06,1,中國國民黨,張志弘,4735,*,50.89,男
新竹縣,06,2,無,温文結,3312," ",35.59,男
新竹縣,06,3,無,蔡維邦,1258," ",13.52,男
新竹縣,07,1,中國國民黨,林政良,11049,*,100,男
新竹縣,08,1,民主進步黨,林昭錡,4328," ",9.8,男
新竹縣,08,2,中國國民黨,羅吉祥,7085,*,16.04,男
新竹縣,08,3,無,彭余美玲,5608,*,12.7,女
新竹縣,08,4,綠黨,周江杰,4402,*,9.97,男
新竹縣,08,5,無,黃秀龍,163," ",0.37,男
新竹縣,08,6,中國國民黨,郭遠彰,4398,*,9.96,男
新竹縣,08,7,無,彭怡君,253," ",0.57,女
新竹縣,08,8,中國國民黨,上官秋燕,4221," ",9.56,女
新竹縣,08,9,中國國民黨,吳勝松,5710,*,12.93,男
新竹縣,08,10,中國國民黨,林思銘,5667,*,12.83,男
新竹縣,08,11,中國國民黨,劉珈愷,2326," ",5.27,男
新竹縣,09,1,無,邱振瑋,7781,*,100,男
新竹縣,10,1,中國國民黨,陳正順,5274,*,52.1,男
新竹縣,10,2,無,彭紹松,3932," ",38.85,男
新竹縣,10,3,無,彭進添,916," ",9.05,男
苗栗縣,01,1,中國國民黨,禹耀東,6103,*,8.11,男
苗栗縣,01,2,無,謝文禓,5932,*,7.88,男
苗栗縣,01,3,無,涂月華,971," ",1.29,女
苗栗縣,01,4,無,傅學煥,2194," ",2.91,男
苗栗縣,01,5,無,陳建成,447," ",0.59,男
苗栗縣,01,6,中國國民黨,鄭碧玉,5927,*,7.87,女
苗栗縣,01,7,無,呂明亮,5729,*,7.61,男
苗栗縣,01,8,無,謝雷,496," ",0.66,男
苗栗縣,01,9,中國國民黨,張志宇,5500,*,7.31,男
苗栗縣,01,10,無,邱鎮軍,9583,*,12.73,男
苗栗縣,01,11,無,湯維岳,5378,*,7.14,男
苗栗縣,01,12,民主進步黨,詹運喜,4773," ",6.34,男
苗栗縣,01,13,民主進步黨,許櫻萍,7145,*,9.49,女
苗栗縣,01,14,無,胡忠勇,4943," ",6.57,男
苗栗縣,01,15,中國國民黨,孫素娥,5827,*,7.74,女
苗栗縣,01,16,中國國民黨,徐集明,4340," ",5.76,男
苗栗縣,02,1,民主進步黨,羅貴星,4465," ",16.64,男
苗栗縣,02,2,中國國民黨,黎旭欽,5556,*,20.7,男
苗栗縣,02,3,無,謝文俊,3808," ",14.19,男
苗栗縣,02,4,中國國民黨,張家靜,6911,*,25.75,女
苗栗縣,02,5,中國國民黨,韓茂賢,6097,*,22.72,男
苗栗縣,03,1,無,李聰祥,6473,*,13.18,男
苗栗縣,03,2,無,邱紹俊,7046,*,14.35,男
苗栗縣,03,3,無,張太陽,5647," ",11.5,男
苗栗縣,03,4,無,周玉滿,7979,*,16.24,女
苗栗縣,03,5,中國國民黨,劉秋東,6617,*,13.47,男
苗栗縣,03,6,中國國民黨,呂木鈿,5694," ",11.59,男
苗栗縣,03,7,無,劉寶鈴,9662,*,19.67,女
苗栗縣,04,1,中國國民黨,陳明朝,6720,*,9.24,男
苗栗縣,04,2,中國國民黨,林寶珠,6905,*,9.5,女
苗栗縣,04,3,無,翁寶桂,1758," ",2.42,女
苗栗縣,04,4,民主進步黨,劉順松,4105," ",5.65,男
苗栗縣,04,5,樹黨,林一方,3819," ",5.25,男
苗栗縣,04,6,民主進步黨,謝芳紋,4496,*,6.18,女
苗栗縣,04,7,無,黃聲全,4956,*,6.82,男
苗栗縣,04,8,無,蕭國清,2324," ",3.2,男
苗栗縣,04,9,中國國民黨,廖英利,5904,*,8.12,女
苗栗縣,04,10,無,連森裕,2623," ",3.61,男
苗栗縣,04,11,無,陳沅榜,1136," ",1.56,男
苗栗縣,04,12,無,謝端容,6598,*,9.07,女
苗栗縣,04,13,無,林洧鋅,149," ",0.2,男
苗栗縣,04,14,中國國民黨,鄭秋風,5850,*,8.05,男
苗栗縣,04,15,中國國民黨,陳碧華,6421,*,8.83,女
苗栗縣,04,16,中國國民黨,李文斌,8951,*,12.31,男
苗栗縣,05,1,中國國民黨,游忠鈿,7986,*,13.39,男
苗栗縣,05,2,中國國民黨,陳永賢,8401,*,14.09,男
苗栗縣,05,3,無,羅雪珠,6654,*,11.16,女
苗栗縣,05,4,中國國民黨,陳漢清,5274,*,8.84,男
苗栗縣,05,5,民主進步黨,陳光軒,7417,*,12.44,男
苗栗縣,05,6,無,邱秋琴,4976,*,8.34,女
苗栗縣,05,7,無,張淑芬,1242," ",2.08,女
苗栗縣,05,8,無,鍾東錦,7754,*,13,男
苗栗縣,05,9,無,彭宇綸,796," ",1.33,男
苗栗縣,05,10,民主進步黨,李貴富,4533," ",7.6,男
苗栗縣,05,11,中國國民黨,鍾褔貴,4602," ",7.72,男
苗栗縣,06,1,民主進步黨,陳春暖,6972,*,27.18,女
苗栗縣,06,2,無,楊慶汶,5580," ",21.76,男
苗栗縣,06,3,無,楊恭林,6791,*,26.48,男
苗栗縣,06,4,無,徐欽鴻,6306,*,24.59,男
彰化縣,01,1,民主進步黨,林世賢,16483,*,10.02,男
彰化縣,01,2,中國國民黨,許原龍,10848,*,6.6,男
彰化縣,01,3,中國國民黨,唐鎮林,5778," ",3.51,男
彰化縣,01,4,中國國民黨,白玉如,7567,*,4.6,女
彰化縣,01,5,民主進步黨,黃育寬,6538,*,3.98,男
彰化縣,01,6,民主進步黨,黃秀芳,15592,*,9.48,女
彰化縣,01,7,中國國民黨,陳蔣秀美,11484,*,6.98,女
彰化縣,01,8,無,吳俊緯,291," ",0.18,男
彰化縣,01,9,民主進步黨,葉孟家,4378," ",2.66,男
彰化縣,01,10,無,張東正,8202,*,4.99,男
彰化縣,01,11,無,林茂明,7312,*,4.45,男
彰化縣,01,12,無,楊經國,561," ",0.34,男
彰化縣,01,13,無,張瀚天,11265,*,6.85,男
彰化縣,01,14,民主進步黨,林維浩,6166," ",3.75,男
彰化縣,01,15,中國國民黨,黃千宴,5123," ",3.12,女
彰化縣,01,16,無,顧文東,645," ",0.39,男
彰化縣,01,17,無,陳俊佑,5144," ",3.13,男
彰化縣,01,18,無,黃玉芬,14637,*,8.9,女
彰化縣,01,19,民主進步黨,賴岸璋,8590,*,5.22,男
彰化縣,01,20,無,陳冠鴻,710," ",0.43,男
彰化縣,01,21,中國國民黨,曾世勇,6893,*,4.19,男
彰化縣,01,22,台灣團結聯盟,王文東,865," ",0.53,男
彰化縣,01,23,中國國民黨,顧黃水花,9380,*,5.7,女
彰化縣,02,1,中國國民黨,楊竣程,7908," ",8.09,男
彰化縣,02,2,無,粘勝傑,4868," ",4.98,男
彰化縣,02,3,民主進步黨,陳秀寳,11393,*,11.66,女
彰化縣,02,4,中國國民黨,施性鍾,12142,*,12.42,男
彰化縣,02,5,民主進步黨,葉國雄,9804,*,10.03,男
彰化縣,02,6,民主進步黨,林士堅,11877,*,12.15,男
彰化縣,02,7,無,鄭敬議,3403," ",3.48,男
彰化縣,02,8,中國國民黨,林聖哲,10679,*,10.93,男
彰化縣,02,9,中國國民黨,凃淑媚,11513,*,11.78,女
彰化縣,02,10,無,郭國賓,14151,*,14.48,男
彰化縣,03,1,民主進步黨,賴清美,12761,*,16.28,女
彰化縣,03,2,中國國民黨,蕭文雄,7204,*,9.19,男
彰化縣,03,3,無,林宗翰,11104,*,14.16,男
彰化縣,03,4,民主進步黨,王國忠,6625," ",8.45,男
彰化縣,03,5,民主進步黨,尤瑞春,11203,*,14.29,女
彰化縣,03,6,無,黃寶隆,5219," ",6.66,男
彰化縣,03,7,中國國民黨,陳錦玉,6571," ",8.38,女
彰化縣,03,8,中國國民黨,柯振杯,8037,*,10.25,男
彰化縣,03,9,中國國民黨,林庚壬,9668,*,12.33,男
彰化縣,04,1,中國國民黨,黃正盛,7825,*,7.21,男
彰化縣,04,2,民主進步黨,彭國成,4235," ",3.9,男
彰化縣,04,3,中國國民黨,葉麗娟,7074,*,6.52,女
彰化縣,04,4,民主進步黨,江瑞演,6653," ",6.13,男
彰化縣,04,5,中國國民黨,張仁城,4339," ",4,男
彰化縣,04,6,中國國民黨,游振雄,7954,*,7.33,男
彰化縣,04,7,中國國民黨,劉惠娟,9529,*,8.78,女
彰化縣,04,8,無,張素芬,5098," ",4.7,女
彰化縣,04,9,無,張雪如,8963,*,8.26,女
彰化縣,04,10,中國國民黨,曹嘉豪,9509,*,8.76,男
彰化縣,04,11,無,邱方銘,5909," ",5.45,男
彰化縣,04,12,民主進步黨,陳秋蓉,13011,*,11.99,女
彰化縣,04,13,中國國民黨,凃俊任,6212," ",5.72,男
彰化縣,04,14,民主進步黨,賴澤民,12208,*,11.25,男
彰化縣,05,1,中國國民黨,蔡福祿,4605," ",6.63,男
彰化縣,05,2,無,張永泉,9194,*,13.23,男
彰化縣,05,3,民主進步黨,李清木,13339,*,19.2,男
彰化縣,05,4,中國國民黨,楊淑鳯,6913," ",9.95,女
彰化縣,05,5,無,張春洋,7776," ",11.19,男
彰化縣,05,6,民主進步黨,歐陽蓁珠,10074,*,14.5,女
彰化縣,05,7,中國國民黨,陳文漢,8982,*,12.93,男
彰化縣,05,8,無,陳重嘉,8589,*,12.36,男
彰化縣,06,1,無,劉景滄,10159,*,17.42,男
彰化縣,06,2,民主進步黨,許書維,11678,*,20.02,男
彰化縣,06,3,中國國民黨,鄭俊雄,9230,-,15.82,男
彰化縣,06,4,無,蕭淑芬,5796,!,9.94,女
彰化縣,06,5,中國國民黨,蕭如意,11328,*,19.42,男
彰化縣,06,6,民主進步黨,蕭智程,7876," ",13.5,男
彰化縣,06,7,無,陳正忠,2265," ",3.88,男
彰化縣,07,1,中國國民黨,謝典霖,14663,*,21.67,男
彰化縣,07,2,中國國民黨,劉淑芳,10781,*,15.93,女
彰化縣,07,3,民主進步黨,李俊諭,16331,*,24.13,男
彰化縣,07,4,無,洪見洲,2334," ",3.45,男
彰化縣,07,5,中國國民黨,李浩誠,10188,*,15.06,男
彰化縣,07,6,民主進步黨,江熊一楓,13369,*,19.76,女
彰化縣,08,1,無,吳淑娟,13390,*,19.49,女
彰化縣,08,2,台灣民族黨,洪遊江,741," ",1.08,男
彰化縣,08,3,無,蔡金蓮,1735," ",2.52,女
彰化縣,08,4,中國國民黨,謝彥慧,11488,*,16.72,女
彰化縣,08,5,無,陳光輝,11328,*,16.49,男
彰化縣,08,6,無,林清彬,7878," ",11.46,男
彰化縣,08,7,民主進步黨,洪宗熠,12483,*,18.17,男
彰化縣,08,8,中國國民黨,陳一惇,9672,*,14.08,男
南投縣,01,1,無,李添興,4797," ",5.85,男
南投縣,01,2,中國國民黨,劉宜成,2709," ",3.3,男
南投縣,01,3,無,洪明科,6102,*,7.44,男
南投縣,01,4,中國國民黨,莊文斌,5476,*,6.68,男
南投縣,01,5,中國國民黨,林憶如,4242," ",5.17,女
南投縣,01,6,中國國民黨,張維華,5994,*,7.31,男
南投縣,01,7,無,羅美玲,6081,*,7.41,女
南投縣,01,8,無,于秀英,6888,*,8.4,女
南投縣,01,9,中國國民黨,曾振炎,6878,*,8.39,男
南投縣,01,10,無,洪志杰,2283," ",2.78,男
南投縣,01,11,大道人民黨,王永慶,167," ",0.2,男
南投縣,01,12,民主進步黨,賴燕雪,8782,*,10.71,女
南投縣,01,13,民主進步黨,陳翰立,6456,*,7.87,男
南投縣,01,14,無,張龍木,282," ",0.34,男
南投縣,01,15,無,游宏達,6252,*,7.62,男
南投縣,01,16,台灣團結聯盟,蕭文進,1888," ",2.3,男
南投縣,01,17,無,蔡宗智,6744,*,8.22,男
南投縣,02,1,無,陳國大,3674," ",5.7,男
南投縣,02,2,無,洪盛雄,4278,-,6.63,男
南投縣,02,3,中國國民黨,簡景賢,6612,*,10.25,男
南投縣,02,4,無,黃文君,1611,!,2.5,女
南投縣,02,5,無,侯嘉芳,1413," ",2.19,女
南投縣,02,6,中國國民黨,莊清南,3259," ",5.05,男
南投縣,02,7,中國國民黨,廖宜賢,5174,*,8.02,男
南投縣,02,8,無,賴忠政,1802," ",2.79,男
南投縣,02,9,民主進步黨,林永鴻,5927,*,9.19,男
南投縣,02,10,民主進步黨,廖梓佑,7007,*,10.87,女
南投縣,02,11,無,簡峻庭,7374,*,11.44,男
南投縣,02,12,無,簡賜勝,6192,*,9.6,男
南投縣,02,13,無,李銀滄,707," ",1.1,男
南投縣,02,14,中國國民黨,李洲忠,6881,*,10.67,男
南投縣,02,15,無,簡献清,301," ",0.47,男
南投縣,02,16,無,吳瑞耀,2268," ",3.52,男
南投縣,03,1,中國國民黨,蕭志全,5720,*,18.04,男
南投縣,03,2,中國國民黨,陳淑惠,5423,*,17.11,女
南投縣,03,3,中國國民黨,謝明謀,6888,*,21.73,男
南投縣,03,4,無,楊孟學,3753," ",11.84,男
南投縣,03,5,民主進步黨,陳昭煜,9915,*,31.28,男
南投縣,04,1,無,許耿禎,3996," ",8.98,男
南投縣,04,2,無,林育正,494," ",1.11,男
南投縣,04,3,無,林明輝,2754," ",6.19,男
南投縣,04,4,中國國民黨,蔡宜助,6327,*,14.22,男
南投縣,04,5,中國國民黨,許素霞,4898,*,11.01,女
南投縣,04,6,無,蔡孟娥,4336," ",9.75,女
南投縣,04,7,中國國民黨,何勝豐,6625,*,14.89,男
南投縣,04,8,中國國民黨,游顥,3982," ",8.95,男
南投縣,04,9,民主進步黨,張志銘,4757,*,10.69,男
南投縣,04,10,無,吳瑞芳,6323,*,14.21,女
南投縣,05,1,中國國民黨,林芳伃,5201,*,8.97,女
南投縣,05,2,中國國民黨,黃志學,4998," ",8.62,男
南投縣,05,3,無,陳永來,843," ",1.45,男
南投縣,05,4,無,吳國昌,6288,*,10.85,男
南投縣,05,5,無,潘淑玫,3785," ",6.53,女
南投縣,05,6,民主進步黨,廖志城,8467,*,14.61,男
南投縣,05,7,中國國民黨,邱美玲,6683,*,11.53,女
南投縣,05,8,民主進步黨,許阿甘,5497,*,9.48,女
南投縣,05,9,無,曾明雪,3893," ",6.72,女
南投縣,05,10,中國國民黨,潘一全,6704,*,11.57,男
南投縣,05,11,中國國民黨,王彩雲,5607,*,9.67,女
雲林縣,01,1,無,鍾明馨,7781,*,8.99,男
雲林縣,01,2,民主進步黨,李建昇,8646,*,9.99,男
雲林縣,01,3,中國國民黨,王又民,6446,*,7.44,男
雲林縣,01,4,中國國民黨,蘇于珊,4824," ",5.57,女
雲林縣,01,5,民主進步黨,黃耀煌,5250," ",6.06,男
雲林縣,01,6,中國國民黨,賴淑娞,7337,*,8.47,女
雲林縣,01,7,民主進步黨,周秀月,6393,*,7.38,女
雲林縣,01,8,台灣團結聯盟,林政亨,1774," ",2.05,男
雲林縣,01,9,無,林岳璋,7501,*,8.66,男
雲林縣,01,10,無,邱世文,5373," ",6.21,男
雲林縣,01,11,中國國民黨,林聖爵,8082,*,9.33,男
雲林縣,01,12,無,張凱甯,928," ",1.07,女
雲林縣,01,13,民主進步黨,江文登,8823,*,10.19,男
雲林縣,01,14,無,李建志,7426,*,8.58,男
雲林縣,02,1,民主進步黨,吳滄得,6427,*,11.36,男
雲林縣,02,2,無,沈銘恭,3981," ",7.04,男
雲林縣,02,3,無,王國勝,3817," ",6.75,男
雲林縣,02,4,無,蔡東富,5951,*,10.52,男
雲林縣,02,5,無,簡慈坊,7779,*,13.75,女
雲林縣,02,6,民主進步黨,林樹山,3570," ",6.31,男
雲林縣,02,7,無,林育鳳,951," ",1.68,女
雲林縣,02,8,無,陳樹吉,5712,*,10.1,男
雲林縣,02,9,無,賴明源,9490,*,16.78,男
雲林縣,02,10,民主進步黨,李長發,3339," ",5.9,男
雲林縣,02,11,中國國民黨,王秋足,5550,*,9.81,女
雲林縣,03,1,無,張麗華,4753," ",5.78,女
雲林縣,03,2,無,黃凱,6759,*,8.22,男
雲林縣,03,3,民主進步黨,吳爾夫,2962," ",3.6,男
雲林縣,03,4,中國國民黨,沈宗隆,7822,*,9.51,男
雲林縣,03,5,中國國民黨,謝翠蓮,4370," ",5.31,女
雲林縣,03,6,台灣團結聯盟,王士壬,7164,*,8.71,男
雲林縣,03,7,無,黃鈺惠,5700,*,6.93,女
雲林縣,03,8,民主進步黨,顏旭懋,6141,*,7.46,男
雲林縣,03,9,無,陳茂源,6539,*,7.95,男
雲林縣,03,10,中國國民黨,陳瑞雄,4959,*,6.03,男
雲林縣,03,11,無,陳乙辰,2007," ",2.44,男
雲林縣,03,12,無,許維修,1963," ",2.39,男
雲林縣,03,13,台灣團結聯盟,李錫銘,904," ",1.1,男
雲林縣,03,14,民主進步黨,蔡秋敏,6925,*,8.42,女
雲林縣,03,15,無,陳俊龍,5942,*,7.22,男
雲林縣,03,16,民主進步黨,林新丁,3818," ",4.64,男
雲林縣,03,17,無,沈義隆,3546," ",4.31,男
雲林縣,04,1,無,廖朝魁,5409," ",9.23,男
雲林縣,04,2,無,林丁財,290," ",0.5,男
雲林縣,04,3,民主進步黨,廖清祥,5039," ",8.6,男
雲林縣,04,4,無,廖錦珠,6795,*,11.6,女
雲林縣,04,5,無,梁銘忠,7278,*,12.42,男
雲林縣,04,6,無,李權展,776," ",1.32,男
雲林縣,04,7,民主進步黨,廖秋萍,10524,*,17.96,女
雲林縣,04,8,民主進步黨,蕭澤梧,7063,*,12.06,男
雲林縣,04,9,中國國民黨," 李明哲",9526,*,16.26,男
雲林縣,04,10,無,王鐵道,5884,*,10.04,男
雲林縣,05,1,無,林建鴻,5503,*,8.36,男
雲林縣,05,2,無,李培元,10466,*,15.89,男
雲林縣,05,3,無,蘇俊豪,10641,*,16.16,男
雲林縣,05,4,無,林木城,209," ",0.32,男
雲林縣,05,5,民主進步黨,張健福,6246,*,9.48,男
雲林縣,05,6,中國國民黨,王清貴,4438," ",6.74,男
雲林縣,05,7,民主進步黨,黃淑鈴,5553,*,8.43,女
雲林縣,05,8,無,張素蘭,4633," ",7.03,女
雲林縣,05,9,無,林深,5686,*,8.63,男
雲林縣,05,10,民主進步黨,鄭東來,5024," ",7.63,男
雲林縣,05,11,民主進步黨,許志豪,7462,*,11.33,男
雲林縣,06,1,民主進步黨,蔡岳儒,10485,*,18.21,男
雲林縣,06,2,無,翁水上,6693,*,11.62,男
雲林縣,06,3,無,王新堯,4196," ",7.29,男
雲林縣,06,4,民主進步黨,林哲凌,7262,*,12.61,男
雲林縣,06,5,無,黃文祥,7913,*,13.74,男
雲林縣,06,6,無,黃勝賢,5930,*,10.3,男
雲林縣,06,7,無,蔡孟真,9664,*,16.78,女
雲林縣,06,8,無,蕭慧敏,5442," ",9.45,女
嘉義縣,01,1,中國國民黨,王啟澧,8459,*,14,男
嘉義縣,01,2,無,董國誠,7403,*,12.25,男
嘉義縣,01,3,民主進步黨,林沐惠,8018,*,13.27,男
嘉義縣,01,4,無,詹琬蓁,6525,*,10.8,女
嘉義縣,01,5,民主進步黨,陳瑞霖,5022," ",8.31,男
嘉義縣,01,6,民主進步黨,戴光宗,7352,*,12.17,男
嘉義縣,01,7,民主進步黨,林緗亭,12117,*,20.06,女
嘉義縣,01,8,中國國民黨,林寶瓶,5275,*,8.73,男
嘉義縣,01,9,無,吳忠原,243," ",0.4,男
嘉義縣,02,1,無,陳文忠,6491,*,10.99,男
嘉義縣,02,2,中國國民黨,林于玲,7102,*,12.02,女
嘉義縣,02,3,台灣團結聯盟,林山景,1053," ",1.78,男
嘉義縣,02,4,民主進步黨,黃嘉寬,6073," ",10.28,男
嘉義縣,02,5,無,黃芳蘭,7174,*,12.15,女
嘉義縣,02,6,民主進步黨,葉孟龍,7412,*,12.55,男
嘉義縣,02,7,無,賴朝崙,7147,*,12.1,男
嘉義縣,02,8,無,陳福成,7306,*,12.37,男
嘉義縣,02,9,無,馬瑞駿,1629," ",2.76,男
嘉義縣,02,10,民主進步黨,林秀琴,7679,*,13,女
嘉義縣,03,1,中國國民黨,陳保仁,6893,*,17.11,男
嘉義縣,03,2,親民黨,簡泰河,3076," ",7.64,男
嘉義縣,03,3,民主進步黨,詹金繪,6107,*,15.16,女
嘉義縣,03,4,民主進步黨,葉和平,7269,*,18.05,男
嘉義縣,03,5,中國國民黨,吳思蓉,7378,*,18.32,女
嘉義縣,03,6,民主進步黨,郭芳宜,6263,*,15.55,男
嘉義縣,03,7,無,何佳容,3294," ",8.18,女
嘉義縣,04,1,中國國民黨,李國勝,6884,*,12.6,男
嘉義縣,04,2,民主進步黨,黃嫈珺,9944,*,18.21,女
嘉義縣,04,3,無,龔昆池,760," ",1.39,男
嘉義縣,04,4,民主進步黨,黃錦成,8355,*,15.3,男
嘉義縣,04,5,中國國民黨,陳永法,2343," ",4.29,男
嘉義縣,04,6,民主進步黨,蔡鼎三,8276,*,15.15,男
嘉義縣,04,7,民主進步黨,陳怡岳,6995,*,12.81,男
嘉義縣,04,8,無,姜梅紅,4335,*,7.94,女
嘉義縣,04,9,中國國民黨,蔡奇璋,6727,*,12.32,男
嘉義縣,05,1,中國國民黨,黃金茂,8895,*,27.33,男
嘉義縣,05,2,民主進步黨,蔡瑋傑,8225,*,25.27,男
嘉義縣,05,3,民主進步黨,翁聰賢,7526," ",23.12,男
嘉義縣,05,4,無,蔡信典,7901,*,24.28,男
嘉義縣,06,1,民主進步黨,羅士洋,7989,*,14.79,男
嘉義縣,06,2,中國國民黨,詹黃素蓮,8618,*,15.96,女
嘉義縣,06,3,民主進步黨,張明達,14936,*,27.66,男
嘉義縣,06,4,無,何子凡,4496,*,8.33,男
嘉義縣,06,5,民主進步黨,曾亮哲,6808,*,12.61,男
嘉義縣,06,6,民主進步黨,陳柏麟,7626,*,14.12,男
嘉義縣,06,7,民主進步黨,張貴忠,3532,*,6.54,男
屏東縣,01,1,無,蔣月惠,4792,*,4.64,女
屏東縣,01,2,民主進步黨,鍾明輝,5479,*,5.31,男
屏東縣,01,3,無,李幸惠,4290," ",4.15,女
屏東縣,01,4,無,張平原,5992,*,5.8,男
屏東縣,01,5,無,施蘇貴美,3542," ",3.43,女
屏東縣,01,6,民主進步黨,蘇義峰,6473,*,6.27,男
屏東縣,01,7,無,蔣家煌,7877,*,7.63,男
屏東縣,01,8,中國國民黨,唐玉琴,6676,*,6.47,女
屏東縣,01,9,無,林明順,6073,*,5.88,男
屏東縣,01,10,民主進步黨,李世斌,12560,*,12.16,男
屏東縣,01,11,民主進步黨,鍾淑娟,3989," ",3.86,女
屏東縣,01,12,親民黨,楊子鵬,1213," ",1.17,男
屏東縣,01,13,無,陳進富,248," ",0.24,男
屏東縣,01,14,中國國民黨,郭姿伶,2220," ",2.15,女
屏東縣,01,15,中國國民黨,王偉華,4281," ",4.15,男
屏東縣,01,16,民主進步黨,劉育豪,5980,*,5.79,男
屏東縣,01,17,無,張金文,6365,*,6.16,男
屏東縣,01,18,中國國民黨,黃國安,6333,*,6.13,男
屏東縣,01,19,中國國民黨,陳美瓊,5605,*,5.43,女
屏東縣,01,20,無,王勤毅,241," ",0.23,男
屏東縣,01,21,中國國民黨,賀育寒,3030," ",2.93,女
屏東縣,02,1,民主進步黨,江維屏,9629,*,10.91,男
屏東縣,02,2,中國國民黨,王景山,6095," ",6.91,男
屏東縣,02,3,民主進步黨,陳芳琍,7996,*,9.06,女
屏東縣,02,4,民主進步黨,吳亮慶,9829,*,11.14,男
屏東縣,02,5,中國國民黨,何春美,6025," ",6.83,女
屏東縣,02,6,無,盧文瑞,12508,*,14.18,男
屏東縣,02,7,中國國民黨,宋麗華,8483,*,9.62,女
屏東縣,02,8,民主進步黨,陳明達,6833,*,7.75,男
屏東縣,02,9,無,盧靖雯,1132," ",1.28,女
屏東縣,02,10,中國國民黨,鄭雙銓,8627,*,9.78,男
屏東縣,02,11,民主進步黨,羅緹瀅,3595," ",4.07,女
屏東縣,02,12,無,尤慶賀,7469,*,8.47,男
屏東縣,03,1,無,陳志成,10471,*,9.97,男
屏東縣,03,2,中國國民黨,王志豐,11032,*,10.5,男
屏東縣,03,3,中國國民黨,劉淼松,7877,*,7.5,男
屏東縣,03,4,中國國民黨,徐榮耀,9137,*,8.7,男
屏東縣,03,5,台灣團結聯盟,潘長成,6487,*,6.18,男
屏東縣,03,6,無,曾喜城,1761," ",1.68,男
屏東縣,03,7,民主進步黨,廖秀琴,4074," ",3.88,女
屏東縣,03,8,民主進步黨,曾彥屏,5538," ",5.27,男
屏東縣,03,9,民主進步黨,黃建溢,7563,*,7.2,男
屏東縣,03,10,中國國民黨,林郁虹,7731,*,7.36,女
屏東縣,03,11,中國國民黨,許馨勻,8463,*,8.06,女
屏東縣,03,12,民主進步黨,林宗俉,5949," ",5.66,男
屏東縣,03,13,中國國民黨,李世淦,5528," ",5.26,男
屏東縣,03,14,民主進步黨,潘淑眞,6271,*,5.97,女
屏東縣,03,15,民主進步黨,曾福金,7152,*,6.81,男
屏東縣,04,1,民主進步黨,許展維,11394,*,13.93,男
屏東縣,04,2,無,林蔡鳯梅,8227,*,10.06,女
屏東縣,04,3,民主進步黨,盧同恊,7005,-,8.56,男
屏東縣,04,4,無,黃坤能,5268," ",6.44,男
屏東縣,04,5,無,李德全,239," ",0.29,男
屏東縣,04,6,無,劉水復,7596,*,9.28,男
屏東縣,04,7,無,郭再添,8520,*,10.41,男
屏東縣,04,8,中國國民黨,李香蘭,6243,!,7.63,女
屏東縣,04,9,無,周典論,10158,*,12.42,男
屏東縣,04,10,無,鄭寶川,7851,*,9.6,男
屏東縣,04,11,民主進步黨,黃纓桔,1328," ",1.62,女
屏東縣,04,12,民主進步黨,何輝能,7987,*,9.76,男
屏東縣,05,1,民主進步黨,林玉花,8975,*,21.65,女
屏東縣,05,2,民主進步黨,羅平道,7511,*,18.11,男
屏東縣,05,3,中國國民黨,王啟敏,8893,*,21.45,男
屏東縣,05,4,民主進步黨,周碧雲,9479,*,22.86,女
屏東縣,05,5,民主進步黨,楊嘉慶,6606," ",15.93,男
屏東縣,06,1,無,葉明順,4870," ",16.71,男
屏東縣,06,2,中國國民黨,張榮志,8132,*,27.91,男
屏東縣,06,3,民主進步黨,陳文弘,7142,*,24.51,男
屏東縣,06,4,民主進步黨,李志偉,6745,*,23.15,男
屏東縣,06,5,民主進步黨,鍾乙豪,2248," ",7.72,男
屏東縣,07,1,無,王薇茗,3417," ",43.34,女
屏東縣,07,2,無,洪慈綪,4468,*,56.66,女
宜蘭縣,01,1,民主進步黨,余美雪,3494," ",7.29,女
宜蘭縣,01,2,台灣團結聯盟,陳進亮,501," ",1.05,男
宜蘭縣,01,3,無,羅文清,324," ",0.68,男
宜蘭縣,01,4,無,楊順木,3754,*,7.83,男
宜蘭縣,01,5,中國國民黨,張建榮,5314,*,11.09,男
宜蘭縣,01,6,民主進步黨,張曜顯,2825," ",5.89,男
宜蘭縣,01,7,無,林錫明,5017,*,10.47,男
宜蘭縣,01,8,中國國民黨,莊淑如,3580," ",7.47,女
宜蘭縣,01,9,民主進步黨,吳福田,3203," ",6.68,男
宜蘭縣,01,10,無,陳永錰,253," ",0.53,男
宜蘭縣,01,11,民主進步黨,林志鴻,3792,*,7.91,男
宜蘭縣,01,12,中國國民黨,黃定和,6871,*,14.34,男
宜蘭縣,01,13,中國國民黨,林岳賢,4431,*,9.24,男
宜蘭縣,01,14,中國國民黨,江碧華,4571,*,9.54,女
宜蘭縣,02,1,中國國民黨,陳秀暖,5349," ",29.39,女
宜蘭縣,02,2,無,林東成,5557,*,30.53,男
宜蘭縣,02,3,民主進步黨,林金龍,6705,*,36.84,男
宜蘭縣,02,4,無,楊惠民,590," ",3.24,男
宜蘭縣,03,1,無,林成功,8378,*,38.21,男
宜蘭縣,03,2,民主進步黨,吳宏謀,6870,*,31.33,男
宜蘭縣,03,3,中國國民黨,李清林,6679," ",30.46,男
宜蘭縣,04,1,無,廖明照,2806," ",15.63,男
宜蘭縣,04,2,民主進步黨,陳俊宇,5257,*,29.29,男
宜蘭縣,04,3,中國國民黨,黃浴沂,5224,*,29.1,男
宜蘭縣,04,4,民主進步黨,張漢東,4127," ",22.99,男
宜蘭縣,04,5,無,林錦坤,536," ",2.99,男
宜蘭縣,05,1,無,陳福山,5485,*,34.97,男
宜蘭縣,05,2,中國國民黨,黃建勇,5336,*,34.02,男
宜蘭縣,05,3,民主進步黨,林水金,4864," ",31.01,男
宜蘭縣,06,1,無,陳漢鍾,6679,*,19.65,男
宜蘭縣,06,2,民主進步黨,劉添梧,5551,*,16.33,男
宜蘭縣,06,3,中國國民黨,吳秋齡,7646,*,22.49,女
宜蘭縣,06,4,民主進步黨,謝志得,3464," ",10.19,男
宜蘭縣,06,5,民主進步黨,黃素琴,5640,*,16.59,女
宜蘭縣,06,6,中國國民黨,陳鴻禧,5013,*,14.75,男
宜蘭縣,07,1,民主進步黨,張明華,4478,*,21.26,男
宜蘭縣,07,2,無,沈德茂,6425,*,30.5,男
宜蘭縣,07,3,民主進步黨,黃適超,6329,*,30.04,男
宜蘭縣,07,4,中國國民黨,林朝旺,3835," ",18.2,男
宜蘭縣,08,1,無,邱素梅,2800," ",10.11,女
宜蘭縣,08,2,中國國民黨,楊政誠,5035,*,18.17,男
宜蘭縣,08,3,樹黨,薛呈懿,3594,*,12.97,女
宜蘭縣,08,4,民主進步黨,張秋明,4919,*,17.76,男
宜蘭縣,08,5,民主進步黨,游祥德,5557,*,20.06,男
宜蘭縣,08,6,無,張建成,3500," ",12.63,男
宜蘭縣,08,7,中國國民黨,林松根,2299," ",8.3,男
宜蘭縣,09,1,中國國民黨,李志鏞,6505," ",48.72,男
宜蘭縣,09,2,民主進步黨,陳文昌,6847,*,51.28,男
宜蘭縣,10,1,民主進步黨,王明輝,3941," ",16.48,男
宜蘭縣,10,2,無,陳正男,4298,*,17.97,男
宜蘭縣,10,3,中國國民黨,林騰煌,4142," ",17.32,男
宜蘭縣,10,4,中國國民黨,林棋山,4981,*,20.83,男
宜蘭縣,10,5,民主進步黨,邱嘉進,6229,*,26.05,男
宜蘭縣,10,6,無,鄭金池,324," ",1.35,男
花蓮縣,01,1,中國國民黨,魏嘉賢,4685,*,11.12,男
花蓮縣,01,2,民主進步黨,莊枝財,3112,*,7.39,男
花蓮縣,01,3,中國國民黨,謝國榮,3829,*,9.09,男
花蓮縣,01,4,民主進步黨,方建興,2348," ",5.57,男
花蓮縣,01,5,中國國民黨,楊文值,4871,*,11.56,男
花蓮縣,01,6,親民黨,釋楊悟空,959," ",2.28,男
花蓮縣,01,7,中國國民黨,施慧萍,2524,*,5.99,女
花蓮縣,01,8,中國國民黨,林宗昆,3125,*,7.42,男
花蓮縣,01,9,民主進步黨,劉曉玫,3522,*,8.36,女
花蓮縣,01,10,中國國民黨,江如玲,2361," ",5.6,女
花蓮縣,01,11,無,楊華美,2378," ",5.64,女
花蓮縣,01,12,中國國民黨,李秋旺,4294,*,10.19,男
花蓮縣,01,13,民主進步黨,施金樹,4126,*,9.79,男
花蓮縣,02,1,中國國民黨,何禮臺,3817,*,51.26,男
花蓮縣,02,2,中國國民黨,賴進坤,3630,*,48.74,男
花蓮縣,03,1,民主進步黨,游美雲,3793,*,7.83,女
花蓮縣,03,2,無,游淑貞,4476,*,9.23,女
花蓮縣,03,3,無,葉鯤璟,4135,*,8.53,男
花蓮縣,03,4,民主進步黨,黃振富,4031,*,8.32,男
花蓮縣,03,5,中國國民黨,張峻,4503,*,9.29,男
花蓮縣,03,6,民主進步黨,鄭乾龍,5499,*,11.35,男
花蓮縣,03,7,無,林殷全,213," ",0.44,男
花蓮縣,03,8,中國國民黨,邱永双,4929,*,10.17,男
花蓮縣,03,9,中國國民黨,黃晨霖,2373," ",4.9,男
花蓮縣,03,10,中國國民黨,吳建志,3759," ",7.76,男
花蓮縣,03,11,無,謝明圳,158," ",0.33,男
花蓮縣,03,12,中國國民黨,徐雪玉,5303,*,10.94,女
花蓮縣,03,13,無,康木樹,843," ",1.74,男
花蓮縣,03,14,中國國民黨,張正治,4453,*,9.19,男
花蓮縣,04,1,無,蘇孝信,2196," ",12.08,男
花蓮縣,04,2,無,張錫銘,591," ",3.25,男
花蓮縣,04,3,無,王燕美,3745,*,20.6,女
花蓮縣,04,4,中國國民黨,張智冠,4648,*,25.56,男
花蓮縣,04,5,中國國民黨,蔡秋龍,3043," ",16.74,男
花蓮縣,04,6,中國國民黨,潘富民,3960,*,21.78,男
臺東縣,01,1,無,黃裕雄,788," ",1.76,男
臺東縣,01,2,無,謝明珠,2349," ",5.25,女
臺東縣,01,3,無,陳志峰,2887,*,6.45,男
臺東縣,01,4,中國國民黨,李建智,3286,*,7.34,男
臺東縣,01,5,無,黃俊銘,870," ",1.94,男
臺東縣,01,6,中國國民黨,田石雄,3010,*,6.73,男
臺東縣,01,7,無,廖進輝,54," ",0.12,男
臺東縣,01,8,中國國民黨,吳秀華,4565,*,10.2,女
臺東縣,01,9,中國國民黨,吳景槐,3912,*,8.74,男
臺東縣,01,10,無,林雅玲,117," ",0.26,女
臺東縣,01,11,無,王飛龍,2714," ",6.07,男
臺東縣,01,12,無,彭權英,322," ",0.72,女
臺東縣,01,13,無,林參天,3196,*,7.14,男
臺東縣,01,14,中國國民黨,周達三,3019,*,6.75,男
臺東縣,01,15,中國國民黨,饒慶鈴,4877,*,10.9,女
臺東縣,01,16,無,黃秋,4135,*,9.24,女
臺東縣,01,17,民主進步黨,洪宗楷,4638,*,10.37,男
臺東縣,02,1,中國國民黨,張卓然,5156,*,100,男
臺東縣,03,1,無,許進榮,4273,*,57.12,男
臺東縣,03,2,中國國民黨,林東滿,3208,*,42.88,男
臺東縣,04,1,中國國民黨,陳宏宗,3951,*,35.78,男
臺東縣,04,2,無,李振源,2906," ",26.32,男
臺東縣,04,3,中國國民黨,黃瑞華,4185,*,37.9,男
臺東縣,05,1,中國國民黨,翁麗吟,3303,*,53.95,女
臺東縣,05,2,民主進步黨,張順福,2819," ",46.05,男
臺東縣,06,1,中國國民黨,謝賢裕,1304,*,52.79,男
臺東縣,06,2,中國國民黨,陳照隆,1166," ",47.21,男
澎湖縣,01,1,無,許神賜,274," ",0.87,男
澎湖縣,01,2,中國國民黨,劉陳昭玲,3027,*,9.66,女
澎湖縣,01,3,綠黨,傅靜凡,773," ",2.47,男
澎湖縣,01,4,無,黄俊仁,503," ",1.61,男
澎湖縣,01,5,中國國民黨,顏嘉弘,2241,*,7.15,男
澎湖縣,01,6,民主進步黨,陳慧玲,2176,*,6.95,女
澎湖縣,01,7,中國國民黨,胡松榮,2422,*,7.73,男
澎湖縣,01,8,中國國民黨,藍俊逸,2585,*,8.25,男
澎湖縣,01,9,無,陳海山,2530,*,8.08,男
澎湖縣,01,10,無,黃春燕,1218," ",3.89,女
澎湖縣,01,11,無,許麗音,774," ",2.47,女
澎湖縣,01,12,中國國民黨,陳雙全,2337,*,7.46,男
澎湖縣,01,13,無黨團結聯盟,蔡金美,579," ",1.85,女
澎湖縣,01,14,無,張再興,2049,*,6.54,男
澎湖縣,01,15,無,郁國麟,677," ",2.16,男
澎湖縣,01,16,民主進步黨,呂黃春金,1645,*,5.25,女
澎湖縣,01,17,無,蘇陳綉色,1583," ",5.05,女
澎湖縣,01,18,無,吳文相,1945,*,6.21,男
澎湖縣,01,19,中國國民黨,陳百川,1990,*,6.35,男
澎湖縣,02,1,無,蔡清續,1348," ",18.44,男
澎湖縣,02,2,無,歐陽洲,1797,*,24.58,男
澎湖縣,02,3,無,成萬貫,2209,*,30.21,男
澎湖縣,02,4,中國國民黨,陳振中,1958,*,26.78,男
澎湖縣,03,1,無,鄭來得,486," ",9.45,男
澎湖縣,03,2,中國國民黨,宋國進,1897,*,36.89,男
澎湖縣,03,3,無,魏長源,1883,*,36.61,男
澎湖縣,03,4,無,許龍聰,877," ",17.05,男
澎湖縣,04,1,無,楊石龍,2984,*,100,男
澎湖縣,05,1,無,陳佩真,1189," ",43.1,女
澎湖縣,05,2,無,俞喜龍,230," ",8.34,男
澎湖縣,05,3,無,葉明縣,1340,*,48.57,男
澎湖縣,06,1,中國國民黨,夏晨榮,977," ",49.54,男
澎湖縣,06,2,無,呂啟宗,995,*,50.46,男
基隆市,01,1,中國國民黨,呂美玲,5434,*,21.88,女
基隆市,01,2,人民民主陣線,余重城,355," ",1.43,男
基隆市,01,3,中國國民黨,張淵翔,3588," ",14.44,男
基隆市,01,4,中國國民黨,藍敏煌,6884,*,27.71,男
基隆市,01,5,親民黨,徐莉莉,3636,*,14.64,女
基隆市,01,6,民主進步黨,詹春陽,4944,*,19.9,男
基隆市,02,1,親民黨,余宗珮,561," ",2.14,女
基隆市,02,2,無,陳宜,1548," ",5.91,女
基隆市,02,3,無,賴正庸,2292," ",8.75,男
基隆市,02,4,中國國民黨,何淑萍,2573,*,9.82,女
基隆市,02,5,無,韓良圻,7877,*,30.06,男
基隆市,02,6,人民民主陣線,鄭村棋,931," ",3.55,男
基隆市,02,7,民主進步黨,陳東財,3819,*,14.57,男
基隆市,02,8,無,林家益,368," ",1.4,男
基隆市,02,9,台灣團結聯盟,林月琴,2343," ",8.94,女
基隆市,02,10,中國國民黨,張漢土,3896,*,14.87,男
基隆市,03,1,中國國民黨,莊榮欽,3051,*,12.95,男
基隆市,03,2,無,林華生,2294," ",9.74,男
基隆市,03,3,民主進步黨,游祥耀,3478,*,14.77,男
基隆市,03,4,無,林淑姣,753," ",3.2,女
基隆市,03,5,民主進步黨,陳建雄,1619," ",6.87,男
基隆市,03,6,無,江書豪,1252," ",5.32,男
基隆市,03,7,人民民主陣線,黃小陵,563," ",2.39,女
基隆市,03,8,中國國民黨,曾紀嚴,3280,*,13.93,男
基隆市,03,9,中國國民黨,張芳麗,2433,!,10.33,女
基隆市,03,10,中國國民黨,藍正宗,2887,-,12.26,男
基隆市,03,11,中國國民黨,駱智仁,1944," ",8.25,男
基隆市,04,1,無,陳志和,1077," ",4.24,男
基隆市,04,2,民主進步黨,施世明,4486,*,17.66,男
基隆市,04,3,中國國民黨,宋瑋莉,3479,*,13.7,女
基隆市,04,4,中國國民黨,楊石城,8120,*,31.97,男
基隆市,04,5,民主進步黨,張錦煌,5425,*,21.36,男
基隆市,04,6,無,莊敬聖,2085," ",8.21,男
基隆市,04,7,人民民主陣線,龔尤倩,729," ",2.87,女
基隆市,05,1,民主進步黨,陳志成,4472,*,11.24,男
基隆市,05,2,人民民主陣線,袁孔琪,350," ",0.88,男
基隆市,05,3,中國國民黨,秦鉦,5434,*,13.66,男
基隆市,05,4,民主進步黨," 洪森永",4621,*,11.62,男
基隆市,05,5,親民黨,莊錦田,4040,*,10.16,男
基隆市,05,6,中國國民黨,沈義傳,3824," ",9.61,男
基隆市,05,7,中國國民黨,鄭林清良,4647,*,11.68,女
基隆市,05,8,民主進步黨,蔡適應,7010,*,17.62,男
基隆市,05,9,中國國民黨,俞叁發,5383,*,13.53,男
基隆市,06,1,無,連恩典,3375,*,17.89,男
基隆市,06,2,無,鄭怡信,2046," ",10.84,男
基隆市,06,3,中國國民黨,陳江山,5153,*,27.31,男
基隆市,06,4,中國國民黨,王奕荃,837," ",4.44,男
基隆市,06,5,無,鄭可熙,2759," ",14.62,男
基隆市,06,6,民主進步黨,林明智,2997,*,15.88,男
基隆市,06,7,無,王醒之,1703," ",9.02,男
基隆市,07,1,無,吳桐茂,3246,-,11.88,男
基隆市,07,2,親民黨,楊秀玉,2571,!,9.41,女
基隆市,07,3,民主進步黨,蘇仁和,3440,*,12.59,男
基隆市,07,4,綠黨,張明麗,1048," ",3.83,女
基隆市,07,5,中國國民黨,陳永順,1744," ",6.38,男
基隆市,07,6,中國國民黨,蘇財發,2407," ",8.81,男
基隆市,07,7,中國國民黨,蔡旺璉,4204,*,15.38,男
基隆市,07,8,民主進步黨,張美瓊,1620," ",5.93,女
基隆市,07,9,無,張耿輝,4195,*,15.35,男
基隆市,07,10,人民民主陣線,陳重光,86," ",0.31,男
基隆市,07,11,無,崔靜玫,336," ",1.23,女
基隆市,07,12,中國國民黨,高辜惠珍,2431," ",8.9,女
新竹市,01,1,綠黨,楊志翔,3279," ",5.09,男
新竹市,01,2,無,羅華強,403," ",0.63,男
新竹市,01,3,中國國民黨,鍾淑英,3705,*,5.76,女
新竹市,01,4,中國國民黨,余邦彥,5003,*,7.77,男
新竹市,01,5,民主進步黨,鄭貴元,3687,*,5.73,男
新竹市,01,6,無,羅文熾,3675,*,5.71,男
新竹市,01,7,無,方俊評,1403," ",2.18,男
新竹市,01,8,中國國民黨,張祖琰,5207,*,8.09,女
新竹市,01,9,中國國民黨,李國璋,3789,*,5.89,男
新竹市,01,10,中國國民黨,謝希誠,3730,*,5.79,男
新竹市,01,11,中國國民黨,鄭正鈐,4096,*,6.36,男
新竹市,01,12,無,廖婉君,2016," ",3.13,女
新竹市,01,13,無,程澎澎,938," ",1.46,女
新竹市,01,14,中國國民黨,段孝芳,3329," ",5.17,女
新竹市,01,15,台灣團結聯盟,劉聲正,3340,*,5.19,男
新竹市,01,16,無,李炳煌,87," ",0.14,男
新竹市,01,17,新黨,謝治,407," ",0.63,男
新竹市,01,18,無,蕭吉隆,284," ",0.44,男
新竹市,01,19,民主進步黨,鄭宏輝,5707,*,8.86,男
新竹市,01,20,民主進步黨,曾資程,4944,*,7.68,男
新竹市,01,21,親民黨,曹永明,3057," ",4.75,男
新竹市,01,22,中國國民黨,余振福,1323," ",2.06,男
新竹市,01,23,無,王瑄,969," ",1.51,女
新竹市,02,1,無,宋金海,1533," ",6.06,男
新竹市,02,2,無,許修睿,4035,*,15.96,男
新竹市,02,3,民主進步黨,施乃如,5155,*,20.39,女
新竹市,02,4,中國國民黨,徐信芳,3560,*,14.08,男
新竹市,02,5,中國國民黨,何佳樺,1457," ",5.76,女
新竹市,02,6,無,許文棟,3085,*,12.2,男
新竹市,02,7,無,鍾淑姬,1622," ",6.41,女
新竹市,02,8,無,田雅芳,3052," ",12.07,女
新竹市,02,9,台灣團結聯盟,林碧霞,1787," ",7.07,女
新竹市,03,1,親民黨,熊哲良,2631," ",16.47,男
新竹市,03,2,無,駱克欽,944," ",5.91,男
新竹市,03,3,中國國民黨,陳治雄,4388,*,27.47,男
新竹市,03,4,中國國民黨,呂於台,3283," ",20.55,男
新竹市,03,5,民主進步黨,鄭正宗,4730,*,29.61,男
新竹市,04,1,無,王銘宗,1063," ",1.97,男
新竹市,04,2,中國國民黨,蕭志潔,4611,*,8.53,女
新竹市,04,3,無,孫鍚洲,6576,*,12.16,男
新竹市,04,4,無,林殷如,1235," ",2.28,女
新竹市,04,5,無,黃美慧,3262,*,6.03,女
新竹市,04,6,中國國民黨,顏政德,3718,*,6.87,男
新竹市,04,7,無,陳清全,4124,*,7.62,男
新竹市,04,8,中國國民黨,吳青山,7045,*,13.03,男
新竹市,04,9,無,湯新如,788," ",1.46,男
新竹市,04,10,無,林飛鵬,1351," ",2.5,男
新竹市,04,11,民主進步黨,吳秋穀,4743,*,8.77,男
新竹市,04,12,無,彭昆耀,3181," ",5.88,男
新竹市,04,13,無,謝文進,5464,*,10.1,男
新竹市,04,14,無,李姸慧,6926,*,12.81,女
新竹市,05,1,中國國民黨,鄭成光,4804,*,12.91,男
新竹市,05,2,無,黃彥儒,3945,-,10.6,男
新竹市,05,3,無,林梅華,1897," ",5.1,女
新竹市,05,4,中國國民黨,林耕仁,4813,*,12.93,男
新竹市,05,5,無,陳啓源,7699,*,20.69,男
新竹市,05,6,無,王明魁,1468," ",3.94,男
新竹市,05,7,民主進步黨,林盈徹,4158,*,11.17,男
新竹市,05,8,中國國民黨,賀玉燕,2761,!,7.42,女
新竹市,05,9,無,吳國寶,5672,*,15.24,男
嘉義市,01,1,中國國民黨,張敏琪,4628,*,7.19,女
嘉義市,01,2,無,李奕德,3514," ",5.46,男
嘉義市,01,3,民主進步黨,黃盈智,5304,*,8.24,男
嘉義市,01,4,樹黨,蔡尚媞,1216," ",1.89,女
嘉義市,01,5,中國國民黨,郭明賓,4764,*,7.4,男
嘉義市,01,6,中國國民黨,傅大偉,4992,*,7.75,男
嘉義市,01,7,中國國民黨,郭文居,3795,*,5.89,男
嘉義市,01,8,民主進步黨,廖梅江,1874," ",2.91,男
嘉義市,01,9,無,張榮藏,4322,*,6.71,男
嘉義市,01,10,中國國民黨,黃國村,3646," ",5.66,男
嘉義市,01,11,無,洪有仁,3960,*,6.15,男
嘉義市,01,12,民主進步黨,黃露慧,5967,*,9.27,女
嘉義市,01,13,無,林瑞霞,1859," ",2.89,女
嘉義市,01,14,無,黃秋澤,4873,*,7.57,男
嘉義市,01,15,無,戴寧,5023,*,7.8,女
嘉義市,01,16,台灣團結聯盟,蔡永泉,4666,*,7.25,男
嘉義市,02,1,無,陳姿妏,4880,*,6.09,女
嘉義市,02,2,無,吳上明,4520,*,5.64,男
嘉義市,02,3,無,蘇澤峰,4171,*,5.2,男
嘉義市,02,4,中國國民黨,張秀華,6028,*,7.52,女
嘉義市,02,5,民主進步黨,黃大祐,3985," ",4.97,男
嘉義市,02,6,台灣團結聯盟,李孟哲,2061," ",2.57,男
嘉義市,02,7,無,李忠曆,4199,*,5.24,男
嘉義市,02,8,中國國民黨,譚國華,1377," ",1.72,男
嘉義市,02,9,中國國民黨,陳文齡,1946," ",2.43,男
嘉義市,02,10,民主進步黨,王美惠,8261,*,10.3,女
嘉義市,02,11,無,莊豐安,4849,*,6.05,男
嘉義市,02,12,民主進步黨,蔡文旭,4733,*,5.9,男
嘉義市,02,13,無,蕭淑麗,7763,*,9.68,女
嘉義市,02,14,無,廖天隆,4716,*,5.88,男
嘉義市,02,15,中國國民黨,蕭文億,2528," ",3.15,男
嘉義市,02,16,無,蔡榮豐,4548,*,5.67,男
嘉義市,02,17,民主進步黨,陳幸枝,4653,*,5.8,女
嘉義市,02,18,中國國民黨,鄭光宏,4947,*,6.17,男
金門縣,01,1,中國國民黨,許玉昭,1804,*,7.29,女
金門縣,01,2,中國國民黨,許建中,1372," ",5.55,男
金門縣,01,3,民主進步黨,陳滄江,1491,*,6.03,男
金門縣,01,4,中國國民黨,楊萬山,1749,*,7.07,男
金門縣,01,5,中國國民黨,林孫全,1597,*,6.45,男
金門縣,01,6,中國國民黨,李誠智,1525,*,6.16,男
金門縣,01,7,中國國民黨,李錫添,1247," ",5.04,男
金門縣,01,8,中國國民黨,許華玉,2174,*,8.79,女
金門縣,01,9,無,黃啓璋,69," ",0.28,男
金門縣,01,10,中國國民黨,楊永立,1662,*,6.72,男
金門縣,01,11,中國國民黨,陳衍利,430," ",1.74,女
金門縣,01,12,中國國民黨,歐陽儀雄,1567,*,6.33,男
金門縣,01,13,中國國民黨,翁銘駿,639," ",2.58,男
金門縣,01,14,無,許志猛,853," ",3.45,男
金門縣,01,15,中國國民黨,廖進入,194," ",0.78,男
金門縣,01,16,無,王碧珍,1361," ",5.5,女
金門縣,01,17,中國國民黨,洪允典,1254," ",5.07,男
金門縣,01,18,無,石永城,2177,*,8.8,男
金門縣,01,19,無,唐麗輝,1578,*,6.38,女
金門縣,02,1,中國國民黨,張雲德,1628,*,9.98,男
金門縣,02,2,無,陳美雲,935," ",5.73,女
金門縣,02,3,無,蔡其賀,202," ",1.24,男
金門縣,02,4,中國國民黨,周子傑,1922,*,11.79,男
金門縣,02,5,中國國民黨,謝東龍,1764,*,10.82,男
金門縣,02,6,中國國民黨,蔡春生,2163,*,13.26,男
金門縣,02,7,無,徐鴻義,800," ",4.91,男
金門縣,02,8,中國國民黨,李應文,1553,*,9.52,男
金門縣,02,9,中國國民黨,蔡水游,1372,*,8.41,男
金門縣,02,10,無,陳文慶,775," ",4.75,男
金門縣,02,11,無,陳玉珍,1047,!,6.42,女
金門縣,02,12,中國國民黨,王再生,916," ",5.62,男
金門縣,02,13,中國國民黨,陳志斌,1231,-,7.55,男
金門縣,03,1,中國國民黨,洪麗萍,1041,*,23.7,女
金門縣,03,2,無,洪輝榮,321," ",7.31,男
金門縣,03,3,中國國民黨,林金量,895," ",20.38,男
金門縣,03,4,中國國民黨,呂俊龍,358," ",8.15,男
金門縣,03,5,中國國民黨,洪鴻斌,1777,*,40.46,男
連江縣,01,1,中國國民黨,朱秀平,369," ",9.85,男
連江縣,01,2,中國國民黨,林貽祥,526,*,14.04,男
連江縣,01,3,無,曹以標,681,*,18.17,男
連江縣,01,4,中國國民黨,林惠萍,314," ",8.38,女
連江縣,01,5,中國國民黨,林明揚,487,*,13,男
連江縣,01,6,中國國民黨,陳書建,445,*,11.88,男
連江縣,01,7,無,曹丞君,491,*,13.1,女
連江縣,01,8,中國國民黨,曹爾章,434," ",11.58,男
連江縣,02,1,中國國民黨,陳貴忠,438,*,33.44,男
連江縣,02,2,無,王長明,394," ",30.08,男
連江縣,02,3,中國國民黨,周瑞國,478,*,36.49,男
連江縣,03,1,中國國民黨,柯玉官,309," ",39.92,男
連江縣,03,2,中國國民黨,陳貽斌,465,*,60.08,男
連江縣,04,1,無,張永江,490,*,60.57,男
連江縣,04,2,無,馮印才,319," ",39.43,男
臺北市,07,1,民主進步黨,馬耀．谷木,754," ",20.43,男
臺北市,07,2,中國國民黨,李芳儒,2937,*,79.57,男
新北市,11,1,中國國民黨,宋雨蓁,3065,*,25.21,女
新北市,11,2,民主進步黨,夷將･拔路兒Icyang･Parod,2407,*,19.8,男
新北市,11,3,中國國民黨,楊春妹,3459,*,28.45,女
新北市,11,4,無,張天明,213," ",1.75,男
新北市,11,5,中國國民黨,陳家梅,1358," ",11.17,女
新北市,11,6,中國國民黨,忠仁•達祿斯,1656," ",13.62,男
桃園市,13,1,無,林永財,864," ",7.1,男
桃園市,13,2,中國國民黨,王仙蓮,1589," ",13.05,女
桃園市,13,3,中國國民黨,楊進福,2630,*,21.6,男
桃園市,13,4,無,林金來,847," ",6.96,男
桃園市,13,5,無,林景騰,533," ",4.38,男
桃園市,13,6,無,洪國彰,1504," ",12.35,男
桃園市,13,7,中國國民黨,吳春芳,2159,*,17.73,女
桃園市,13,8,無,林志強,2049,*,16.83,男
臺中市,15,1,無,陳建民,797," ",17.68,男
臺中市,15,2,中國國民黨,林沛容,1050," ",23.3,女
臺中市,15,3,無,周金龍,216," ",4.79,男
臺中市,15,4,無,陳天斯,272," ",6.04,男
臺中市,15,5,中國國民黨,温建華,715," ",15.86,男
臺中市,15,6,親民黨,洪金福,1457,*,32.33,男
臺南市,17,1,中國國民黨,蔡玉枝,669,*,54.75,女
臺南市,17,2,中國國民黨,陳肇元,279," ",22.83,男
臺南市,17,3,民主進步黨,李美素,274," ",22.42,女
高雄市,12,1,民主進步黨,俄鄧‧殷艾Eteng‧Ingay,2590,*,59.93,男
高雄市,12,2,中國國民黨,王義雄,1732," ",40.07,男
新竹縣,11,1,無,彭文彬,183," ",20.49,男
新竹縣,11,2,中國國民黨,林光榮Kuying.Kalang,710,*,79.51,男
苗栗縣,07,1,中國國民黨,潘秋榮,1604,*,100,男
彰化縣,09,1,中國國民黨,陳榮妹,532,*,46.54,女
彰化縣,09,2,無,謝香美,187," ",16.36,女
彰化縣,09,3,無,張新男,424," ",37.1,男
南投縣,06,1,無,周吳儀君,161," ",20.85,女
南投縣,06,2,中國國民黨,石忍漢,64," ",8.29,男
南投縣,06,3,中華統一促進黨,阿給拉˙拉哈拜,23," ",2.98,男
南投縣,06,4,台灣第一民族黨,石慶龍,200,*,25.91,男
南投縣,06,5,無,陳宥瑞,199," ",25.78,男
南投縣,06,6,中國國民黨,蔡幸子,125," ",16.19,女
屏東縣,08,1,中國國民黨,潘裕隆,1889,*,100,男
宜蘭縣,11,1,無,孫湯玉惠,485,*,48.55,女
宜蘭縣,11,2,中國國民黨,陳慶喜,280," ",28.03,男
宜蘭縣,11,3,無,洪林雨萍,133," ",13.31,女
宜蘭縣,11,4,無,陳柳造,101," ",10.11,男
花蓮縣,05,1,中國國民黨,羅名材Halu‧Lihang,1695," ",17.59,男
花蓮縣,05,2,中國國民黨,余夏夫,1822,*,18.91,男
花蓮縣,05,3,無,笛布斯‧顗賚,2482,*,25.75,女
花蓮縣,05,4,中國國民黨,蕭民隆,1692," ",17.56,男
花蓮縣,05,5,無,林秋美Abi‧Mulu,1946,*,20.19,女
花蓮縣,06,1,中國國民黨,孫永昌,2129," ",22.56,男
花蓮縣,06,2,無,萬榮財Lafi‧Mayaw,2453,*,25.99,男
花蓮縣,06,3,中國國民黨,楊德金Kati‧Payo,2626,*,27.82,男
花蓮縣,06,4,無,高潞‧以用‧巴魕剌Kawlo‧lyun‧Pacidal,2230," ",23.63,女
花蓮縣,07,1,無,林聖明,1381," ",22.86,男
花蓮縣,07,2,無,陳英妹,1571,*,26,女
花蓮縣,07,3,親民黨,詹金福,514," ",8.51,男
花蓮縣,07,4,中國國民黨,陳建忠,1660,*,27.47,男
花蓮縣,07,5,中國國民黨,徐成國Hane‧Gayaw,916," ",15.16,男
臺東縣,07,1,中國國民黨,林秀信,1704,*,20.48,男
臺東縣,07,2,中國國民黨,王清堅,1102,*,13.25,男
臺東縣,07,3,台灣第一民族黨,郭秋孜,521," ",6.26,女
臺東縣,07,4,中國國民黨,林琮翰,2679,*,32.2,男
臺東縣,07,5,中國國民黨,"嚴惠美 Simoy‧Sapod",736," ",8.85,女
臺東縣,07,6,台灣團結聯盟,"陳．藍姆洛 Lamlo Payrang",832," ",10,男
臺東縣,07,7,中國國民黨,方賢仁,746," ",8.97,男
臺東縣,08,1,中國國民黨,江堅壽,2718,*,34.65,男
臺東縣,08,2,中國國民黨,尤忠正,2661,*,33.92,男
臺東縣,08,3,中國國民黨,蔡義勇,2466," ",31.43,男
臺東縣,09,1,中國國民黨,"張萬生 Tahuk Malulang",2866,*,100,男
臺東縣,10,1,中國國民黨,高美珠,4018,*,52.45,女
臺東縣,10,2,無,嚴亞美,0," ",0,女
臺東縣,10,3,中國國民黨,劉純歌,3643,*,47.55,女
基隆市,08,1,無,陳明建,1947,*,60.28,男
基隆市,08,2,中國國民黨,朱瑞祥,1067," ",33.03,男
基隆市,08,3,無,拔耐‧茹妮老王,216," ",6.69,女
新竹市,06,1,無,劉美玲,181," ",30.89,女
新竹市,06,2,無,鄭主,76," ",12.97,男
新竹市,06,3,中國國民黨,林慈愛,329,*,56.14,女
臺北市,08,1,民主進步黨,"伊凡諾幹Iban Nokan",275," ",10.77,男
臺北市,08,2,親民黨,高李茂俊,121," ",4.74,男
臺北市,08,3,中國國民黨,李傅中武,2157,*,84.49,男
新北市,12,1,民主進步黨,寶杜巴燕Bawtu･Payen,1303," ",24.56,男
新北市,12,2,中國國民黨,王建章,2045,*,38.55,男
新北市,12,3,親民黨,陳勝榮,1957," ",36.89,男
桃園市,14,1,無,邱志成,1886," ",18.11,男
桃園市,14,2,中國國民黨,陳瑛,3449,*,33.12,女
桃園市,14,3,中國國民黨,林信義,2311," ",22.19,男
桃園市,14,4,無,蘇志強,2767,*,26.57,男
臺中市,16,1,無,朱元宏,2951," ",41.82,男
臺中市,16,2,中國國民黨,林榮進,4105,*,58.18,男
臺南市,18,1,無,"谷暮・哈就Kumu Hacyo",933,*,66.26,女
臺南市,18,2,中國國民黨,伍宗康,475," ",33.74,男
高雄市,13,1,中國國民黨,"柯路加Istanda Ciban",1424," ",47.47,男
高雄市,13,2,無,林民傑,1576,*,52.53,男
高雄市,14,1,無,理斷‧搭給嚕嘟嗯Islituan‧Takiludun,1201," ",39.08,男
高雄市,14,2,中國國民黨,高秀琴,605," ",19.69,女
高雄市,14,3,無,伊斯坦大‧貝雅夫‧正福Istanda‧Paingav,1267,*,41.23,男
高雄市,15,1,無,范織欽Pasulang‧Tomatalate,1608," ",49.74,男
高雄市,15,2,中國國民黨,唐惠美,1625,*,50.26,女
新竹縣,12,1,中國國民黨,黃比德,1067," ",21.58,男
新竹縣,12,2,無,柔夏‧布待Rosya.Butay,1444," ",29.21,男
新竹縣,12,3,無,雲翔,437," ",8.84,男
新竹縣,12,4,中國國民黨,范坤松,1996,*,40.37,男
新竹縣,13,1,中國國民黨,"趙一先Obay a Awi’",1478,*,39.98,男
新竹縣,13,2,無,張定中,1440," ",38.95,男
新竹縣,13,3,民主進步黨,凱撒巴燕,779," ",21.07,男
苗栗縣,08,1,無,林國雄,1684," ",45.44,男
苗栗縣,08,2,中國國民黨,黃月娥,2022,*,54.56,女
南投縣,07,1,中國國民黨,史清水,4620,*,100,男
南投縣,08,1,無,廖文賢,4533,*,53.86,男
南投縣,08,2,中國國民黨,陳國雄,3884," ",46.14,男
嘉義縣,07,1,中國國民黨,楊貴榮,329," ",12.47,男
嘉義縣,07,2,無,汪啟聖,851," ",32.26,男
嘉義縣,07,3,無,石信忠,953,*,36.13,男
嘉義縣,07,4,無,湯保富,505," ",19.14,男
屏東縣,09,1,無,歸曉惠,2677,*,52.76,女
屏東縣,09,2,中國國民黨,柯富國,2397," ",47.24,男
屏東縣,10,1,無,陸月嬌,3629,*,60.42,女
屏東縣,10,2,中國國民黨,陳生明,2377," ",39.58,男
屏東縣,11,1,中國國民黨,潘政治,1949,*,50.9,男
屏東縣,11,2,無,何長成,1880," ",49.1,男
屏東縣,12,1,中國國民黨,簡寶玉,1954," ",36.06,女
屏東縣,12,2,無,李宜潔,936," ",17.27,女
屏東縣,12,3,無,潘正義,2529,*,46.67,男
屏東縣,13,1,無,林輝雄,1477," ",44.38,男
屏東縣,13,2,中國國民黨,陳昭忠,1851,*,55.62,男
屏東縣,14,1,中國國民黨,李冀香,1959,*,62.43,女
屏東縣,14,2,無,陳秋香,1179," ",37.57,女
屏東縣,15,1,中國國民黨,許天賜,3137,*,100,男
屏東縣,16,1,中國國民黨,顏金成,1372,*,53.68,男
屏東縣,16,2,無,宋克強,1184," ",46.32,男
宜蘭縣,12,1,中國國民黨,李玉蕙,1622," ",44.32,女
宜蘭縣,12,2,親民黨,陳傑麟,2038,*,55.68,男
宜蘭縣,13,1,中國國民黨,松王淑珍,1172," ",30.6,女
宜蘭縣,13,2,中國國民黨,陳孝仁,1456,*,38.02,男
宜蘭縣,13,3,中國國民黨,江明順,1202," ",31.38,男
花蓮縣,08,1,中國國民黨,"許淑銀Otiam  Cirig",5340,*,55.95,女
花蓮縣,08,2,無,田韻馨,3175," ",33.26,女
花蓮縣,08,3,無,張文成,1030," ",10.79,男
花蓮縣,09,1,中國國民黨,吳香蘭Hisa‧Sakay,1856," ",48.61,女
花蓮縣,09,2,中國國民黨,陳長明,1962,*,51.39,男
花蓮縣,10,1,中國國民黨,余秀珠,209," ",5.82,女
花蓮縣,10,2,中國國民黨,蘇正清,1073," ",29.9,男
花蓮縣,10,3,中國國民黨,蘇忠亮,1280,*,35.66,男
花蓮縣,10,4,中國國民黨,"陳鶴章Salizan  Binkinuan",1027," ",28.62,男
臺東縣,11,1,中國國民黨,胡秋金,1217,*,55.09,男
臺東縣,11,2,台灣第一民族黨,伊藍‧明基努安,992," ",44.91,男
臺東縣,12,1,中國國民黨,"余明志 taium ispalidaz",477," ",21.4,男
臺東縣,12,2,中國國民黨,余秀芳,544," ",24.41,女
臺東縣,12,3,無,張順成,1208,*,54.19,男
臺東縣,13,1,中國國民黨,"章正輝 Lemajiz‧Kusaza",2636,*,100,男
臺東縣,14,1,無,蔡玉玲,1538,*,63.61,女
臺東縣,14,2,中國國民黨,朱連濟,880," ",36.39,女
臺東縣,15,1,中國國民黨,曾加油,509," ",28.31,男
臺東縣,15,2,無,林杉樹,288," ",16.02,男
臺東縣,15,3,中國國民黨,夏曼‧瑪德能,384," ",21.36,男
臺東縣,15,4,無,黃天德,617,*,34.32,男
