地區,姓名,號次,性別,出生年次,推薦政黨,得票數,得票率,當選否,是否現任,year
臺北市,趙少康,02,M,1949,新黨,424905,30.17%,N,N,1994
臺北市,陳水扁,03,M,1951,民主進步黨,615090,43.67%,Y,N,1994
臺北市,黃大洲,04,M,1936,中國國民黨,364618,25.89%,N,Y,1994
高雄市,吳敦義,01,M,1948,中國國民黨,400766,54.46%,Y,Y,1994
高雄市,施鐘響,02,M,1937,無黨籍及未經政黨推薦,13084,1.78%,N,N,1994
高雄市,張俊雄,03,M,1937,民主進步黨,289110,39.29%,N,N,1994
高雄市,鄭德耀,04,M,1951,無黨籍及未經政黨推薦,7513,1.02%,N,N,1994
高雄市,湯阿根,05,M,1936,新黨,25413,3.45%,N,N,1994
臺北市,馬英九,01,M,1950,中國國民黨,766377,51.13%,Y,N,1998
臺北市,陳水扁,02,M,1952,民主進步黨,688072,45.91%,N,Y,1998
臺北市,王建火宣,03,M,1938,新黨,44452,2.97%,N,N,1998
高雄市,吳建國,01,M,1950,新黨,6457,0.81%,N,N,1998
高雄市,鄭德耀,02,M,1951,無黨籍及未經政黨推薦,18699,2.35%,N,N,1998
高雄市,謝長廷,03,M,1946,民主進步黨,387797,48.71%,Y,N,1998
高雄市,吳敦義,04,M,1948,中國國民黨,383232,48.13%,N,Y,1998
臺北市,李應元,01,M,1952,民主進步黨,488811,35.89%,N,N,2002
臺北市,馬英九,02,M,1950,中國國民黨,873102,64.11%,Y,Y,2002
高雄市,施明德,01,M,1941,無黨籍及未經政黨推薦,8750,1.13%,N,N,2002
高雄市,張博雅,02,F,1942,無黨籍及未經政黨推薦,13479,1.75%,N,N,2002
高雄市,黃天生,03,M,1946,無黨籍及未經政黨推薦,1998,0.26%,N,N,2002
高雄市,黃俊英,04,M,1942,中國國民黨,361546,46.82%,N,N,2002
高雄市,謝長廷,05,M,1946,民主進步黨,386384,50.04%,Y,Y,2002
臺北市,李敖,01,M,1937,無黨籍及未經政黨推薦,7795,0.61%,N,N,2006
臺北市,周玉蔻,02,F,1953,台灣團結聯盟,3372,0.26%,N,N,2006
臺北市,謝長廷,03,M,1946,民主進步黨,525869,40.89%,N,N,2006
臺北市,宋楚瑜,04,M,1942,無黨籍及未經政黨推薦,53281,4.14%,N,N,2006
臺北市,郝龍斌,05,M,1952,中國國民黨,692085,53.81%,Y,N,2006
臺北市,柯賜海,06,M,1956,無黨籍及未經政黨推薦,3687,0.29%,N,N,2006
高雄市,黃俊英,01,M,1941,中國國民黨,378303,49.27%,N,N,2006
高雄市,林志昇,02,M,1950,保護台灣大聯盟,1746,0.23%,N,N,2006
高雄市,羅志明,03,M,1957,台灣團結聯盟,6599,0.86%,N,N,2006
高雄市,林景元,04,M,1925,無黨籍及未經政黨推薦,1803,0.23%,N,N,2006
高雄市,陳菊,05,F,1950,民主進步黨,379417,49.41%,Y,N,2006
臺北市,吳炎成,01,M,1942,無黨籍及未經政黨推薦,1832,0.13%,N,N,2010
臺北市,郝龍斌,02,M,1952,中國國民黨,797865,55.65%,Y,Y,2010
臺北市,蕭淑華,03,F,1961,無黨籍及未經政黨推薦,2238,0.16%,N,N,2010
臺北市,吳武明,04,M,1957,無黨籍及未經政黨推薦,3672,0.26%,N,N,2010
臺北市,蘇貞昌,05,M,1947,民主進步黨,628129,43.81%,N,N,2010
高雄市,楊秋興,01,M,1956,無黨籍及未經政黨推薦,414950,26.68%,N,N,2010
高雄市,黃昭順,02,F,1953,中國國民黨,319171,20.52%,N,N,2010
高雄市,陳菊,03,F,1950,民主進步黨,821089,52.8%,Y,N,2010
新北市,朱立倫,01,M,1961,中國國民黨,1115536,52.61%,Y,N,2010
新北市,蔡英文,02,F,1956,民主進步黨,1004900,47.39%,N,N,2010
臺中市,蘇嘉全,01,M,1956,民主進步黨,698358,48.88%,N,N,2010
臺中市,胡志強,02,M,1948,中國國民黨,730284,51.12%,Y,N,2010
臺南市,郭添財,01,M,1962,中國國民黨,406196,39.59%,N,N,2010
臺南市,賴清德,02,M,1959,民主進步黨,619897,60.41%,Y,N,2010
臺北縣,謝深山,01,M,1939,中國國民黨,543516,38.67%,N,N,1997
臺北縣,周荃,02,F,1956,無黨籍及未經政黨推薦,32373,2.3%,N,N,1997
臺北縣,楊泰順,03,M,1953,新黨,32902,2.34%,N,N,1997
臺北縣,林志嘉,04,M,1957,無黨籍及未經政黨推薦,154590,11%,N,N,1997
臺北縣,蘇貞昌,05,M,1947,民主進步黨,571658,40.67%,Y,N,1997
臺北縣,廖學廣,06,M,1954,無黨籍及未經政黨推薦,70619,5.02%,N,N,1997
宜蘭縣,廖風德,01,M,1951,中國國民黨,104744,46.17%,N,N,1997
宜蘭縣,劉守成,02,M,1951,民主進步黨,122114,53.83%,Y,N,1997
桃園縣,呂秀蓮,01,F,1944,民主進步黨,375500,56.2%,Y,Y,1997
桃園縣,陳根德,02,M,1955,中國國民黨,286993,42.96%,N,N,1997
桃園縣,徐運德,03,M,1930,社會改革黨,5619,0.84%,N,N,1997
新竹縣,徐能安,01,M,1944,無黨籍及未經政黨推薦,1424,0.73%,N,N,1997
新竹縣,邱鏡淳,02,M,1949,無黨籍及未經政黨推薦,59393,30.26%,N,N,1997
新竹縣,鄭永金,03,M,1949,中國國民黨,64551,32.89%,N,N,1997
新竹縣,林光華,04,M,1944,民主進步黨,70879,36.12%,Y,N,1997
苗栗縣,傅學鵬,01,M,1949,無黨籍及未經政黨推薦,153528,54.8%,Y,N,1997
苗栗縣,何智輝,02,M,1950,中國國民黨,99109,35.37%,N,Y,1997
苗栗縣,黃達業,03,M,1957,新黨,15871,5.66%,N,N,1997
苗栗縣,徐進榮,04,M,1945,民主進步黨,11678,4.17%,N,N,1997
臺中縣,錢文南,01,M,1953,建國黨,5950,1%,N,N,1997
臺中縣,陳欽隆,02,M,1956,無黨籍及未經政黨推薦,10804,1.82%,N,N,1997
臺中縣,郭榮振,03,M,1949,中國國民黨,173667,29.26%,N,N,1997
臺中縣,徐中雄,04,M,1957,中國國民黨,144427,24.33%,N,N,1997
臺中縣,劉銓忠,05,M,1942,無黨籍及未經政黨推薦,35533,5.99%,N,N,1997
臺中縣,廖永來,06,M,1956,民主進步黨,223222,37.6%,Y,N,1997
彰化縣,張榮昌,01,M,1953,無黨籍及未經政黨推薦,10443,1.78%,N,N,1997
彰化縣,阮剛猛,02,M,1950,中國國民黨,290335,49.56%,Y,Y,1997
彰化縣,翁金珠,03,F,1947,民主進步黨,285058,48.66%,N,N,1997
南投縣,林宗男,01,M,1942,民主進步黨,76689,30.8%,N,N,1997
南投縣,許惠祐,02,M,1952,中國國民黨,74966,30.11%,N,N,1997
南投縣,彭百顯,03,M,1949,無黨籍及未經政黨推薦,78690,31.61%,Y,N,1997
南投縣,陳振盛,04,M,1950,新黨,18066,7.26%,N,N,1997
南投縣,吳清江,05,M,1936,無黨籍及未經政黨推薦,559,0.22%,N,N,1997
雲林縣,蘇文雄,01,M,1943,中國國民黨,125376,34.93%,Y,N,1997
雲林縣,歐明憲,02,M,1947,無黨籍及未經政黨推薦,6882,1.92%,N,N,1997
雲林縣,張榮味,03,M,1957,無黨籍及未經政黨推薦,122166,34.04%,N,N,1997
雲林縣,廖大林,04,M,1936,民主進步黨,104499,29.11%,N,N,1997
嘉義縣,李雅景,01,M,1949,中國國民黨,136161,53.26%,Y,Y,1997
嘉義縣,何嘉榮,02,M,1944,民主進步黨,119499,46.74%,N,N,1997
臺南縣,陳唐山,01,M,1935,民主進步黨,328641,65.73%,Y,Y,1997
臺南縣,洪玉欽,02,M,1942,中國國民黨,171357,34.27%,N,N,1997
高雄縣,鄭德耀,01,M,1951,無黨籍及未經政黨推薦,10575,2.01%,N,N,1997
高雄縣,余政憲,02,M,1959,民主進步黨,271989,51.74%,Y,Y,1997
高雄縣,黃鴻都,03,M,1961,中國國民黨,234960,44.69%,N,N,1997
高雄縣,林景元,04,M,1925,無黨籍及未經政黨推薦,8201,1.56%,N,N,1997
屏東縣,蘇嘉全,01,M,1956,民主進步黨,227506,55.42%,Y,N,1997
屏東縣,李景雯,02,M,1929,無黨籍及未經政黨推薦,12867,3.13%,N,N,1997
屏東縣,曾永權,03,M,1947,中國國民黨,170154,41.45%,N,N,1997
臺東縣,徐慶元,01,M,1957,無黨籍及未經政黨推薦,47340,46.63%,N,N,1997
臺東縣,陳建年,02,M,1946,中國國民黨,48365,47.64%,Y,Y,1997
臺東縣,黃昭輝,03,M,1946,民主進步黨,5818,5.73%,N,N,1997
花蓮縣,王慶豐,01,M,1933,中國國民黨,72456,56.76%,Y,Y,1997
花蓮縣,游盈隆,02,M,1957,民主進步黨,55194,43.24%,N,N,1997
澎湖縣,賴峰偉,01,M,1952,中國國民黨,20946,57.53%,Y,N,1997
澎湖縣,許丕龍,02,M,1939,民主進步黨,15461,42.47%,N,N,1997
基隆市,李進勇,01,M,1950,民主進步黨,73398,42.75%,Y,N,1997
基隆市,劉文雄,02,M,1954,中國國民黨,65176,37.97%,N,N,1997
基隆市,許財利,03,M,1947,無黨籍及未經政黨推薦,33099,19.28%,N,N,1997
新竹市,林志成,01,M,1961,中國國民黨,62017,42.79%,N,N,1997
新竹市,蔡仁堅,02,M,1951,民主進步黨,81328,56.11%,Y,N,1997
新竹市,王少泉,03,M,1942,無黨籍及未經政黨推薦,1593,1.1%,N,N,1997
臺中市,張溫鷹,01,F,1950,民主進步黨,179461,49.57%,Y,N,1997
臺中市,鄭邦鎮,02,M,1947,建國黨,6622,1.83%,N,N,1997
臺中市,洪昭男,03,M,1943,中國國民黨,149438,41.28%,N,N,1997
臺中市,宋艾克,04,M,1953,新黨,26515,7.32%,N,N,1997
嘉義市,江義雄,01,M,1944,中國國民黨,49551,42.52%,N,N,1997
嘉義市,蔡鴻章,02,M,1959,民主進步黨,6350,5.45%,N,N,1997
嘉義市,張博雅,03,F,1942,無黨籍及未經政黨推薦,58544,50.23%,Y,N,1997
嘉義市,臧汀生,04,M,1950,建國黨,2103,1.8%,N,N,1997
臺南市,方金海,01,M,1955,無黨籍及未經政黨推薦,4699,1.45%,N,N,1997
臺南市,許添財,02,M,1951,無黨籍及未經政黨推薦,64228,19.77%,N,N,1997
臺南市,高家俊,03,M,1949,新黨,4737,1.46%,N,N,1997
臺南市,林南生,04,M,1952,中國國民黨,68124,20.97%,N,N,1997
臺南市,陳榮盛,05,M,1946,中國國民黨,57854,17.81%,N,N,1997
臺南市,林壽宏,06,M,1940,無黨籍及未經政黨推薦,9097,2.8%,N,N,1997
臺南市,張燦鍙,07,M,1936,民主進步黨,116145,35.75%,Y,N,1997
金門縣,陳水在,01,M,1948,中國國民黨,13146,58.61%,Y,Y,1997
金門縣,李炷烽,02,M,1953,新黨,9285,41.39%,N,N,1997
連江縣,劉立群,01,M,1951,中國國民黨,2246,61%,Y,N,1997
連江縣,曹原彰,02,M,1948,新黨,1436,39%,N,N,1997
臺北縣,王建火宣,01,M,1938,新黨,820808,48.16%,N,N,2001
臺北縣,邵建興,02,M,1959,無黨籍及未經政黨推薦,3972,0.23%,N,N,2001
臺北縣,石翊靖,03,M,1950,無黨籍及未經政黨推薦,4913,0.29%,N,N,2001
臺北縣,蘇貞昌,04,M,1947,民主進步黨,874495,51.31%,Y,Y,2001
宜蘭縣,朱振東,01,M,1952,無黨籍及未經政黨推薦,1885,0.9%,N,N,2001
宜蘭縣,劉守成,02,M,1951,民主進步黨,106313,50.88%,Y,Y,2001
宜蘭縣,林錦坤,03,M,1964,無黨籍及未經政黨推薦,2178,1.04%,N,N,2001
宜蘭縣,呂國華,04,M,1956,中國國民黨,98574,47.18%,N,N,2001
桃園縣,彭紹瑾,01,M,1956,民主進步黨,353568,44.2%,N,N,2001
桃園縣,朱立倫,02,M,1960,中國國民黨,441827,55.24%,Y,N,2001
桃園縣,莊志忠,03,M,1935,無黨籍及未經政黨推薦,4509,0.56%,N,N,2001
新竹縣,林光華,01,M,1944,民主進步黨,97420,46.39%,N,Y,2001
新竹縣,鄭永金,02,M,1949,中國國民黨,112595,53.61%,Y,N,2001
苗栗縣,魏早炳,01,M,1941,民主進步黨,61742,23.55%,N,N,2001
苗栗縣,傅學鵬,02,M,1951,無黨籍及未經政黨推薦,135786,51.8%,Y,Y,2001
苗栗縣,李佳穆,03,M,1949,無黨籍及未經政黨推薦,2016,0.77%,N,N,2001
苗栗縣,徐享崑,04,M,1953,中國國民黨,62613,23.88%,N,N,2001
臺中縣,林敏霖,01,M,1948,無黨籍及未經政黨推薦,62369,9.49%,N,N,2001
臺中縣,黃仲生,02,M,2001,中國國民黨,325117,49.48%,Y,N,2001
臺中縣,廖永來,03,M,1955,民主進步黨,269548,41.02%,N,Y,2001
彰化縣,鄭秀珠,01,F,1969,親民黨,39056,6.37%,N,N,2001
彰化縣,葉金鳳,02,F,1943,中國國民黨,257504,41.99%,N,N,2001
彰化縣,翁金珠,03,F,1947,民主進步黨,301584,49.17%,Y,N,2001
彰化縣,洪參民,04,M,1945,無黨籍及未經政黨推薦,8219,1.34%,N,N,2001
彰化縣,陳婉貞,05,F,1949,無黨籍及未經政黨推薦,6934,1.13%,N,N,2001
南投縣,姜君佩,01,M,1955,無黨籍及未經政黨推薦,915,0.36%,N,N,2001
南投縣,張明雄,02,M,1943,中國國民黨,7475,2.91%,N,N,2001
南投縣,陳胘富,03,M,1943,無黨籍及未經政黨推薦,2500,0.97%,N,N,2001
南投縣,林宗男,04,M,1942,民主進步黨,94631,36.79%,Y,N,2001
南投縣,林明溱,05,M,1951,中國國民黨,48268,18.76%,N,N,2001
南投縣,陳振盛,06,M,1950,親民黨,63042,24.51%,N,N,2001
南投縣,彭百顯,07,M,1949,無黨籍及未經政黨推薦,40412,15.71%,N,Y,2001
雲林縣,張榮味,01,M,1957,中國國民黨,205500,61.53%,Y,Y,2001
雲林縣,林樹山,02,M,1958,民主進步黨,128475,38.47%,N,N,2001
嘉義縣,陳勝三,01,M,1940,無黨籍及未經政黨推薦,9454,3.58%,N,N,2001
嘉義縣,陳明文,02,M,1953,民主進步黨,124757,47.22%,Y,N,2001
嘉義縣,李明憲,03,M,1959,無黨籍及未經政黨推薦,11507,4.36%,N,N,2001
嘉義縣,蔡炳欽,04,M,1953,無黨籍及未經政黨推薦,1551,0.59%,N,N,2001
嘉義縣,翁重鈞,05,M,1955,中國國民黨,116908,44.25%,N,N,2001
臺南縣,吳清基,01,M,1951,中國國民黨,236670,44.47%,N,N,2001
臺南縣,蘇煥智,02,M,1956,民主進步黨,274086,51.5%,Y,N,2001
臺南縣,魏耀乾,03,M,1949,無黨籍及未經政黨推薦,21479,4.04%,N,N,2001
高雄縣,黃八野,01,M,1943,無黨籍及未經政黨推薦,91323,15.75%,N,N,2001
高雄縣,楊秋興,02,M,1955,民主進步黨,317763,54.8%,Y,N,2001
高雄縣,吳光訓,03,M,1950,中國國民黨,170787,29.45%,N,N,2001
屏東縣,李景雯,01,M,1930,無黨籍及未經政黨推薦,17525,4.05%,N,N,2001
屏東縣,王進士,02,M,1948,中國國民黨,175584,40.61%,N,N,2001
屏東縣,蘇嘉全,03,M,1955,民主進步黨,239284,55.34%,Y,Y,2001
臺東縣,彭權國,01,M,1963,無黨籍及未經政黨推薦,1467,1.47%,N,N,2001
臺東縣,徐慶元,02,M,1957,親民黨,44084,44.3%,Y,N,2001
臺東縣,吳俊立,03,M,1962,中國國民黨,36727,36.91%,N,N,2001
臺東縣,賴坤成,04,M,1963,民主進步黨,17237,17.32%,N,N,2001
花蓮縣,游盈隆,01,M,1955,民主進步黨,47596,31.37%,N,N,2001
花蓮縣,賴政雄,02,M,1943,親民黨,41752,27.52%,N,N,2001
花蓮縣,莊三修,03,M,1957,無黨籍及未經政黨推薦,1481,0.98%,N,N,2001
花蓮縣,齊淑英,04,F,1950,綠黨,1299,0.86%,N,N,2001
花蓮縣,張福興,05,F,1942,中國國民黨,59591,39.28%,Y,N,2001
澎湖縣,賴峰偉,01,M,1952,中國國民黨,22094,55.32%,Y,N,2001
澎湖縣,陳光復,02,M,1955,民主進步黨,14477,36.25%,N,N,2001
澎湖縣,許麗音,03,F,1948,無黨籍及未經政黨推薦,3364,8.42%,N,N,2001
基隆市,許財利,01,M,1947,中國國民黨,100070,58.09%,Y,N,2001
基隆市,李進勇,02,M,1950,民主進步黨,72212,41.91%,N,N,2001
新竹市,蔡仁堅,01,M,1951,民主進步黨,69165,42.77%,N,N,2001
新竹市,王少泉,02,M,1942,無黨籍及未經政黨推薦,801,0.5%,N,N,2001
新竹市,林政則,03,M,1944,中國國民黨,90580,56.01%,Y,N,2001
新竹市,黃中媄,04,M,1950,無黨籍及未經政黨推薦,1171,0.72%,N,N,2001
臺中市,張溫鷹,01,F,1949,無黨籍及未經政黨推薦,44341,10.18%,N,N,2001
臺中市,蔡明憲,02,M,1941,民主進步黨,177515,40.74%,N,N,2001
臺中市,胡志強,03,M,1948,中國國民黨,213866,49.08%,Y,N,2001
嘉義市,蕭裕珍,01,F,1956,無黨籍及未經政黨推薦,1601,1.34%,N,N,2001
嘉義市,黃正男,02,M,1941,民主進步黨,14439,12.04%,N,N,2001
嘉義市,張榮藏,03,M,1942,無黨籍及未經政黨推薦,8476,7.07%,N,N,2001
嘉義市,陳麗貞,04,F,1958,無黨籍及未經政黨推薦,53764,44.84%,Y,N,2001
嘉義市,江清馦,05,M,1943,中國國民黨,41614,34.71%,N,N,2001
臺南市,林易煌,01,M,1962,無黨籍及未經政黨推薦,6098,1.86%,N,N,2001
臺南市,張燦鍙,02,M,1936,無黨籍及未經政黨推薦,9520,2.9%,N,N,2001
臺南市,蘇南成,03,M,1936,無黨籍及未經政黨推薦,47133,14.36%,N,N,2001
臺南市,陳榮盛,04,M,1946,中國國民黨,122726,37.4%,N,N,2001
臺南市,陳源奇,05,M,1940,無黨籍及未經政黨推薦,804,0.25%,N,N,2001
臺南市,許添財,06,M,1951,民主進步黨,141840,43.23%,Y,N,2001
金門縣,翁天慶,01,M,1953,無黨籍及未經政黨推薦,300,1.19%,N,N,2001
金門縣,李炷烽,02,M,1953,新黨,14148,56.17%,Y,N,2001
金門縣,蔡是民,03,M,1947,親民黨,7224,28.68%,N,N,2001
金門縣,陳川青,04,M,1949,無黨籍及未經政黨推薦,448,1.78%,N,N,2001
金門縣,陳昭南,05,M,1943,民主進步黨,1562,6.2%,N,N,2001
金門縣,許金象,06,M,1954,中國國民黨,1508,5.99%,N,N,2001
連江縣,陳雪生,01,M,1951,親民黨,2549,55.8%,Y,N,2001
連江縣,劉立群,02,M,1951,中國國民黨,2019,44.2%,N,N,2001
臺北縣,黃福卿,01,M,1937,無黨籍及未經政黨推薦,5639,0.31%,N,N,2005
臺北縣,周錫瑋,02,M,1958,中國國民黨,988739,54.87%,Y,N,2005
臺北縣,陳誠鈞,03,M,1955,無黨籍及未經政黨推薦,2812,0.16%,N,N,2005
臺北縣,陳俊傑,04,M,1967,無黨籍及未經政黨推薦,4064,0.23%,N,N,2005
臺北縣,羅文嘉,05,M,1966,民主進步黨,798233,44.3%,N,N,2005
臺北縣,黃茂全,06,M,1973,無黨籍及未經政黨推薦,2585,0.14%,N,N,2005
宜蘭縣,陳定南,01,M,1943,民主進步黨,112853,47.75%,N,N,2005
宜蘭縣,謝李靜宜,02,F,1958,無黨籍及未經政黨推薦,2020,0.85%,N,N,2005
宜蘭縣,呂國華,03,M,1956,中國國民黨,121463,51.39%,Y,N,2005
桃園縣,朱立倫,01,M,1961,中國國民黨,488979,60.84%,Y,Y,2005
桃園縣,鄭寶清,02,M,1955,民主進步黨,307965,38.32%,N,N,2005
桃園縣,吳家登,03,M,1959,無黨籍及未經政黨推薦,6784,0.84%,N,N,2005
新竹縣,林光華,01,M,1945,民主進步黨,77037,32.91%,N,N,2005
新竹縣,鄭永金,02,M,1949,中國國民黨,157012,67.09%,Y,Y,2005
苗栗縣,顏培元,01,M,1951,無黨籍及未經政黨推薦,3061,1.09%,N,N,2005
苗栗縣,陳秀龍,02,M,1937,無黨籍及未經政黨推薦,9718,3.47%,N,N,2005
苗栗縣,劉政鴻,03,M,1947,中國國民黨,134277,47.91%,Y,N,2005
苗栗縣,邱炳坤,04,M,1950,民主進步黨,83694,29.86%,N,N,2005
苗栗縣,徐耀昌,05,M,1955,無黨籍及未經政黨推薦,47834,17.07%,N,N,2005
苗栗縣,江炳輝,06,M,1929,無黨籍及未經政黨推薦,1700,0.61%,N,N,2005
臺中縣,邱太三,01,M,1956,民主進步黨,275153,39.12%,N,N,2005
臺中縣,黃仲生,02,M,1942,中國國民黨,418144,59.45%,Y,Y,2005
臺中縣,林振昌,03,M,1967,無黨籍及未經政黨推薦,10104,1.44%,N,N,2005
彰化縣,翁金珠,01,F,1947,民主進步黨,270949,40.52%,N,Y,2005
彰化縣,卓伯源,02,M,1965,中國國民黨,370790,55.46%,Y,N,2005
彰化縣,陳進丁,03,M,1946,無黨籍及未經政黨推薦,26887,4.02%,N,N,2005
南投縣,林宗男,01,M,1942,無黨籍及未經政黨推薦,60793,22.08%,N,Y,2005
南投縣,林明溱,02,M,1951,無黨籍及未經政黨推薦,6271,2.28%,N,N,2005
南投縣,李朝卿,03,M,1950,中國國民黨,124777,45.32%,Y,N,2005
南投縣,蔡煌瑯,04,M,1960,民主進步黨,83503,30.33%,N,N,2005
雲林縣,林佳瑜,01,M,1959,無黨籍及未經政黨推薦,8125,2.16%,N,N,2005
雲林縣,蘇治芬,02,F,1953,民主進步黨,201192,53.37%,Y,N,2005
雲林縣,許舒博,03,M,1963,中國國民黨,167690,44.48%,N,N,2005
嘉義縣,陳明文,01,M,1954,民主進步黨,183476,62.69%,Y,Y,2005
嘉義縣,陳明振,02,M,1960,中國國民黨,109192,37.31%,N,N,2005
臺南縣,郭添財,01,M,1962,中國國民黨,250887,47.16%,N,N,2005
臺南縣,張博森,02,M,1948,無黨籍及未經政黨推薦,8232,1.55%,N,N,2005
臺南縣,蘇煥智,03,M,1956,民主進步黨,267583,50.3%,Y,Y,2005
臺南縣,蔡四結,04,M,1943,無黨籍及未經政黨推薦,5310,1%,N,N,2005
高雄縣,楊秋興,01,M,1956,民主進步黨,353232,59.14%,Y,Y,2005
高雄縣,林益世,02,M,1968,中國國民黨,244015,40.86%,N,N,2005
屏東縣,曹啟鴻,01,M,1948,民主進步黨,216200,46.19%,Y,N,2005
屏東縣,宋麗華,02,F,1968,無黨籍及未經政黨推薦,45257,9.67%,N,N,2005
屏東縣,王進士,03,M,1948,中國國民黨,195928,41.86%,N,N,2005
屏東縣,李景雯,04,M,1928,無黨籍及未經政黨推薦,10723,2.29%,N,N,2005
臺東縣,劉櫂豪,01,M,1967,無黨籍及未經政黨推薦,40173,38.23%,N,N,2005
臺東縣,吳俊立,02,M,1962,無黨籍及未經政黨推薦,62189,59.18%,Y,N,2005
臺東縣,彭權國,03,M,1963,無黨籍及未經政黨推薦,2718,2.59%,N,N,2005
花蓮縣,柯賜海,01,M,1956,無黨籍及未經政黨推薦,20113,12.89%,N,N,2005
花蓮縣,盧博基,02,M,1949,民主進步黨,30988,19.86%,N,N,2005
花蓮縣,謝深山,03,M,1939,中國國民黨,66575,42.66%,Y,Y,2005
花蓮縣,傅崑萁,04,M,1962,親民黨,38379,24.59%,N,N,2005
澎湖縣,陳光復,01,M,1955,民主進步黨,23964,48.16%,N,N,2005
澎湖縣,王乾發,02,M,1949,中國國民黨,25223,50.69%,Y,N,2005
澎湖縣,許敬民,03,M,1949,無黨籍及未經政黨推薦,572,1.15%,N,N,2005
基隆市,陳建銘,01,M,1961,台灣團結聯盟,58243,31.46%,N,N,2005
基隆市,許財利,02,M,1947,中國國民黨,76162,41.14%,Y,Y,2005
基隆市,劉文雄,03,M,1954,親民黨,47932,25.89%,N,N,2005
基隆市,王拓,04,M,1944,民主進步黨,2771,1.5%,N,N,2005
新竹市,鄭貴元,01,M,1952,民主進步黨,49777,30.73%,N,N,2005
新竹市,林政則,02,M,1944,中國國民黨,112221,69.27%,Y,Y,2005
臺中市,李貴富,01,F,1961,無黨籍及未經政黨推薦,1897,0.42%,N,N,2005
臺中市,沈智慧,02,F,1957,親民黨,10061,2.23%,N,N,2005
臺中市,林佳龍,03,M,1964,民主進步黨,175592,39%,N,N,2005
臺中市,胡志強,04,M,1948,中國國民黨,262667,58.34%,Y,Y,2005
嘉義市,陳麗貞,01,F,1958,民主進步黨,62122,45.37%,N,Y,2005
嘉義市,黃敏惠,02,F,1959,中國國民黨,74786,54.63%,Y,N,2005
臺南市,陳榮盛,01,M,1946,中國國民黨,134248,41.4%,N,N,2005
臺南市,錢林慧君,02,F,1947,台灣團結聯盟,42000,12.95%,N,N,2005
臺南市,許添財,03,M,1951,民主進步黨,148006,45.65%,Y,Y,2005
金門縣,陳福海,01,M,1963,無黨籍及未經政黨推薦,13940,43.59%,N,N,2005
金門縣,陳平,02,M,1957,無黨籍及未經政黨推薦,682,2.13%,N,N,2005
金門縣,李炷烽,03,M,1953,新黨,17359,54.28%,Y,Y,2005
連江縣,吳軾子,01,M,1959,無黨籍及未經政黨推薦,127,2.59%,N,N,2005
連江縣,陳雪生,02,M,1952,親民黨,2592,52.9%,Y,Y,2005
連江縣,楊綏生,03,M,1954,無黨籍及未經政黨推薦,2181,44.51%,N,N,2005
宜蘭縣,林聰賢,01,M,1962,民主進步黨,133394,54.26%,Y,N,2009
宜蘭縣,呂國華,02,M,1956,中國國民黨,112469,45.74%,N,Y,2009
桃園縣,吳富彤,01,M,1959,客家黨,15807,2.08%,N,N,2009
桃園縣,鄭文燦,02,M,1967,民主進步黨,346678,45.69%,N,N,2009
桃園縣,吳志揚,03,M,1969,中國國民黨,396237,52.22%,Y,N,2009
新竹縣,邱鏡淳,01,M,1949,中國國民黨,97151,38.49%,Y,N,2009
新竹縣,張碧琴,02,F,1965,無黨籍及未經政黨推薦,76254,30.21%,N,N,2009
新竹縣,彭紹瑾,03,M,1957,民主進步黨,77126,30.55%,N,N,2009
新竹縣,曾錦祥,04,M,1952,無黨籍及未經政黨推薦,1893,0.75%,N,N,2009
苗栗縣,楊長鎮,01,M,1963,民主進步黨,95469,33.6%,N,N,2009
苗栗縣,劉政鴻,02,M,1947,中國國民黨,181256,63.79%,Y,Y,2009
苗栗縣,李佳穆,03,M,1950,無黨籍及未經政黨推薦,7413,2.61%,N,N,2009
彰化縣,翁金珠,01,F,1947,民主進步黨,276897,43.63%,N,N,2009
彰化縣,卓伯源,02,M,1965,中國國民黨,348341,54.89%,Y,Y,2009
彰化縣,張春男,03,M,1941,無黨籍及未經政黨推薦,9402,1.48%,N,N,2009
南投縣,陳振盛,01,M,1950,無黨籍及未經政黨推薦,22170,8.23%,N,N,2009
南投縣,李文忠,02,M,1958,民主進步黨,107023,39.75%,N,N,2009
南投縣,李朝卿,03,M,1950,中國國民黨,136951,50.87%,Y,Y,2009
南投縣,張俊宏,04,M,1938,無黨籍及未經政黨推薦,3073,1.14%,N,N,2009
雲林縣,蘇治芬,01,F,1953,民主進步黨,229958,65.37%,Y,Y,2009
雲林縣,吳威志,02,M,1965,中國國民黨,121832,34.63%,N,N,2009
嘉義縣,翁玉隆,01,M,1947,無黨籍及未經政黨推薦,2874,0.91%,N,N,2009
嘉義縣,翁重鈞,02,M,1955,中國國民黨,128973,40.67%,N,N,2009
嘉義縣,蕭登標,03,M,1957,無黨籍及未經政黨推薦,7955,2.51%,N,N,2009
嘉義縣,張花冠,04,F,1954,民主進步黨,177333,55.92%,Y,N,2009
屏東縣,曹啟鴻,01,M,1948,民主進步黨,270402,59.33%,Y,Y,2009
屏東縣,周典論,02,M,1955,中國國民黨,185384,40.67%,N,N,2009
臺東縣,劉櫂豪,01,M,1967,民主進步黨,50802,47.41%,N,N,2009
臺東縣,黃健庭,02,M,1959,中國國民黨,56354,52.59%,Y,N,2009
花蓮縣,傅萁,01,M,1962,無黨籍及未經政黨推薦,85532,56.37%,Y,N,2009
花蓮縣,張志明,02,M,1964,無黨籍及未經政黨推薦,27595,18.19%,N,N,2009
花蓮縣,杜麗華,03,F,1961,中國國民黨,38603,25.44%,N,N,2009
澎湖縣,蔡見興,01,M,1952,民主進步黨,22069,48.07%,N,N,2009
澎湖縣,王乾發,02,M,1949,中國國民黨,22664,49.37%,Y,Y,2009
澎湖縣,曾坤炳,03,M,1950,無黨籍及未經政黨推薦,1177,2.56%,N,N,2009
基隆市,林右昌,01,M,1971,民主進步黨,65673,42.08%,N,N,2009
基隆市,李步輝,02,M,1968,無黨籍及未經政黨推薦,4391,2.81%,N,N,2009
基隆市,張通榮,03,M,1949,中國國民黨,86001,55.11%,Y,Y,2009
新竹市,許明財,01,M,1953,中國國民黨,92667,55.63%,Y,N,2009
新竹市,林修二,02,M,1941,無黨籍及未經政黨推薦,5074,3.05%,N,N,2009
新竹市,劉俊秀,03,M,1952,民主進步黨,68822,41.32%,N,N,2009
嘉義市,黃敏惠,01,F,1959,中國國民黨,69962,52.2%,Y,Y,2009
嘉義市,林聖芬,02,F,1976,無黨籍及未經政黨推薦,2801,2.09%,N,N,2009
嘉義市,涂醒哲,03,M,1951,民主進步黨,61268,45.71%,N,N,2009
金門縣,梁國棟,01,M,1956,無黨籍及未經政黨推薦,245,0.64%,N,N,2009
金門縣,翁天慶,02,M,1953,無黨籍及未經政黨推薦,231,0.6%,N,N,2009
金門縣,楊榮祥,03,M,1953,無黨籍及未經政黨推薦,356,0.93%,N,N,2009
金門縣,吳成典,04,M,1957,無黨籍及未經政黨推薦,11501,30.04%,N,N,2009
金門縣,李沃士,05,M,1960,中國國民黨,14269,37.28%,Y,N,2009
金門縣,陳水在,06,M,1948,無黨籍及未經政黨推薦,11442,29.89%,N,N,2009
金門縣,許敬民,07,M,1949,無黨籍及未經政黨推薦,236,0.62%,N,N,2009
連江縣,楊綏生,01,M,1954,中國國民黨,3135,57.19%,Y,N,2009
連江縣,陳財能,02,M,1965,無黨籍及未經政黨推薦,78,1.42%,N,N,2009
連江縣,劉增應,03,M,1958,中國國民黨,2269,41.39%,N,N,2009
臺北市,陳汝斌,1,男,1991,三等國民公義人權自救黨,1624,0.11,N,N,2014
臺北市,趙衍慶,2,男,1991,無,15898,1.06,N,N,2014
臺北市,李宏信,3,男,1991,無,2621,0.18,N,N,2014
臺北市,陳永昌,4,男,1991,無,1908,0.13,N,N,2014
臺北市,馮光遠,5,男,1991,無,8080,0.54,N,N,2014
臺北市,連勝文,6,男,1991,中國國民黨,609932,40.82,N,N,2014
臺北市,柯文哲,7,男,1991,無,853983,57.16,Y,N,2014
新北市,游錫堃,1,男,1991,民主進步黨,934774,48.78,N,N,2014
新北市,李進順,2,男,1991,無,22207,1.16,N,N,2014
新北市,朱立倫,3,男,1991,中國國民黨,959302,50.06,Y,N,2014
桃園縣,鄭文燦,1,男,1991,民主進步黨,492414,51,Y,N,2014
桃園縣,吳志揚,2,男,1991,中國國民黨,463133,47.97,N,N,2014
桃園縣,許睿智,3,男,1991,無,9943,1.03,N,N,2014
臺中市,胡志強,1,男,1991,中國國民黨,637531,42.94,N,N,2014
臺中市,林佳龍,2,男,1991,民主進步黨,847284,57.06,Y,N,2014
臺南市,賴清德,1,男,1991,民主進步黨,711557,72.9,Y,N,2014
臺南市,黃秀霜,2,女,1991,中國國民黨,264536,27.1,N,N,2014
高雄市,周可盛,1,男,1991,無,14925,1.02,N,N,2014
高雄市,陳菊,2,女,1991,民主進步黨,993300,68.09,Y,N,2014
高雄市,楊秋興,3,男,1991,中國國民黨,450647,30.89,N,N,2014
新竹縣,葉芳棟,1,男,1991,無,15699,5.93,N,N,2014
新竹縣,邱鏡淳,2,男,1991,中國國民黨,124309,46.94,Y,N,2014
新竹縣,鄭永金,3,男,1991,無,118698,44.82,N,N,2014
新竹縣,莊作兵,4,男,1991,無,6115,2.31,N,N,2014
苗栗縣,徐耀昌,1,男,1991,中國國民黨,147547,46.59,Y,N,2014
苗栗縣,康世儒,2,男,1991,無,60356,19.06,N,N,2014
苗栗縣,江明修,3,男,1991,無,14978,4.73,N,N,2014
苗栗縣,陳淑芬,4,女,1991,無,2137,0.67,N,N,2014
苗栗縣,曾國良,5,男,1991,無,1807,0.57,N,N,2014
苗栗縣,吳宜臻,6,女,1991,民主進步黨,89838,28.37,N,N,2014
彰化縣,黃文玲,1,女,1991,無,37593,5.23,N,N,2014
彰化縣,洪敏雄,2,男,1991,無,10674,1.48,N,N,2014
彰化縣,魏明谷,3,男,1991,民主進步黨,386405,53.71,Y,N,2014
彰化縣,林滄敏,4,男,1991,中國國民黨,284738,39.58,N,N,2014
南投縣,李文忠,1,男,1991,民主進步黨,143719,49.04,N,N,2014
南投縣,林明溱,2,男,1991,中國國民黨,149361,50.96,Y,N,2014
雲林縣,張麗善,1,女,1991,中國國民黨,175862,43.02,N,N,2014
雲林縣,李進勇,2,男,1991,民主進步黨,232900,56.98,Y,N,2014
嘉義縣,黃宏成台灣阿成世界偉人,1,男,1991,無,8639,2.82,N,N,2014
嘉義縣,張花冠,2,女,1991,民主進步黨,193399,63.09,Y,N,2014
嘉義縣,翁重鈞,3,男,1991,中國國民黨,104488,34.09,N,N,2014
屏東縣,簡太郎,1,男,1991,中國國民黨,182027,37.07,N,N,2014
屏東縣,潘孟安,2,男,1991,民主進步黨,308953,62.93,Y,N,2014
宜蘭縣,林聰賢,1,男,1991,民主進步黨,160253,63.95,Y,N,2014
宜蘭縣,邱淑媞,2,女,1991,中國國民黨,90320,36.05,N,N,2014
花蓮縣,傅崐萁,1,男,1991,無,89048,56.53,Y,N,2014
花蓮縣,徐榛蔚,2,女,1991,無,5436,3.45,N,N,2014
花蓮縣,黄師鵬,3,男,1991,無,2369,1.5,N,N,2014
花蓮縣,柯賜海,4,男,1991,無,14954,9.49,N,N,2014
花蓮縣,朱國華,5,男,1991,無,2218,1.41,N,N,2014
花蓮縣,蔡啟塔,6,男,1991,中國國民黨,43504,27.62,N,N,2014
臺東縣,劉櫂豪,1,男,1991,民主進步黨,53860,45.59,N,N,2014
臺東縣,黃健庭,2,男,1991,中國國民黨,64272,54.41,Y,N,2014
澎湖縣,陳光復,1,男,1991,民主進步黨,29164,55.34,Y,N,2014
澎湖縣,蘇崑雄,2,男,1991,中國國民黨,23533,44.66,N,N,2014
基隆市,謝立功,1,男,1991,中國國民黨,52198,27.47,N,N,2014
基隆市,黃景泰,2,男,1991,無,30914,16.27,N,N,2014
基隆市,林右昌,3,男,1991,民主進步黨,101010,53.15,Y,N,2014
基隆市,何燕堂,4,男,1991,人民民主陣線,1376,0.72,N,N,2014
基隆市,吳武明,5,男,1991,無,2023,1.06,N,N,2014
基隆市,江鑒育,6,男,1991,無,2517,1.32,N,N,2014
新竹市,劉正幸,1,男,1991,無,1914,0.96,N,N,2014
新竹市,許明財,2,男,1991,中國國民黨,75564,37.85,N,N,2014
新竹市,蔡仁堅,3,男,1991,無,40480,20.28,N,N,2014
新竹市,林智堅,4,男,1991,民主進步黨,76578,38.36,Y,N,2014
新竹市,吳淑敏,5,女,1991,無,5101,2.56,N,N,2014
嘉義市,陳秀麗,1,女,1991,無,633,0.44,N,N,2014
嘉義市,陳泰山,2,男,1991,無,786,0.54,N,N,2014
嘉義市,陳以真,3,女,1991,中國國民黨,66108,45.5,N,N,2014
嘉義市,涂醒哲,4,男,1991,民主進步黨,74698,51.41,Y,N,2014
嘉義市,許文建,5,男,1991,無,330,0.23,N,N,2014
嘉義市,林詩涵,6,女,1991,人民民主陣線,2747,1.89,N,N,2014
金門縣,蘇龍科,1,男,1991,無,470,1.03,N,N,2014
金門縣,雷由靖,2,男,1991,無,132,0.29,N,N,2014
金門縣,陳福海,3,男,1991,無,23965,52.77,Y,N,2014
金門縣,李沃士,4,男,1991,中國國民黨,15146,33.35,N,N,2014
金門縣,汪成華,5,女,1991,教科文預算保障e聯盟,403,0.89,N,N,2014
金門縣,洪志恒,6,男,1991,無,636,1.4,N,N,2014
金門縣,莊育民,7,男,1991,無,236,0.52,N,N,2014
金門縣,林水泉,8,男,1991,無,240,0.53,N,N,2014
金門縣,許乃權,9,男,1991,無,3834,8.44,N,N,2014
金門縣,楊榮祥,10,男,1991,無,354,0.78,N,N,2014
連江縣,劉增應,1,男,1991,中國國民黨,4385,66.25,Y,N,2014
連江縣,楊綏生,2,男,1991,中國國民黨,2234,33.75,N,N,2014
